index,filename,seed,loss,LBFGS_max_iter,LBFGS_max_eval,LBFGS_history_size,learning_rate,synth_iter,synth_loss,synth_duration
0,fig4a,1,72.6847,20,,10,1.0,318,0.0007429232937283,917.5041208267212
0,fig4a,0,75.1605,10,,3,1.0,740,0.0035095391795039,1032.716303110123
0,fig4a,1,72.4696,10,,30,0.3,593,0.0008288288954645,791.2590181827545
0,fig4a,1,73.4744,10,,3,0.3,723,0.0024917060509324,951.6744699478148
0,fig16b,1,84.3537,20,10.0,3,3.0,390,0.0010305878240615,481.3224217891693
0,fig4a,0,74.993,20,10.0,300,1.0,557,0.0005114626255817,837.9890067577362
0,fig16b,0,83.7072,40,,30,3.0,212,0.0002158587740268,1253.08806848526
0,fig16b,0,84.4321,20,20.0,30,0.3,310,0.000335800810717,775.2775144577026
0,fig16b,0,83.8235,5,,100,3.0,595,0.0008581824949942,449.1689839363098
0,fig4a,1,72.6861,10,10.0,10,1.0,497,0.0010699551785364,588.8204078674316
0,fig4a,1,72.6816,10,5.0,10,1.0,858,0.0013603173429146,515.9937903881073
0,fig16b,0,84.0297,20,20.0,3,1.0,249,0.0009116909350268,594.4279208183289
0,fig16b,0,83.829,10,,3,3.0,327,0.0011639395961537,515.7663054466248
0,fig4a,0,75.3335,5,5.0,30,3.0,1278,0.0015516520943492,796.7514996528625
0,fig16b,0,83.8824,10,5.0,10,3.0,661,0.0011933682253584,421.6542704105377
0,fig16b,0,84.1021,5,2.0,300,1.0,1128,0.0015941712772473,314.7135136127472
0,fig4a,1,73.3387,40,,30,1.0,245,0.0002332234871573,1283.3809361457825
0,fig4a,1,73.149,10,5.0,300,1.0,816,0.0007967377314344,605.9193069934845
0,fig4a,0,74.2116,5,,30,0.3,969,0.000994348549284,691.1481845378876
0,fig16b,0,83.8774,10,5.0,30,3.0,678,0.0010703013977035,435.3659796714783
0,fig4a,1,73.1272,10,5.0,30,1.0,790,0.0011854001786559,475.9425041675568
0,fig4a,1,72.5175,10,10.0,3,1.0,727,0.0027645141817629,859.4708807468414
0,fig4a,0,74.3196,10,10.0,100,0.3,606,0.0006589365657418,749.3227756023407
0,fig4a,0,75.5736,40,20.0,100,3.0,514,0.0004634122014977,1333.5197079181671
0,fig4a,1,72.9466,40,40.0,10,0.3,301,0.0007323179161176,1393.1611948013306
0,fig16b,1,84.2411,10,,10,3.0,375,0.0006239005597308,544.2770276069641
0,fig4a,1,73.234,20,10.0,300,1.0,493,0.0004758833674713,682.7196612358093
0,fig4a,0,75.029,5,2.0,100,1.0,2001,0.0027975956909358,510.9849472045898
0,fig4a,1,73.2529,5,2.0,3,0.3,2001,0.0117771010845899,474.82113122940063
0,fig16b,0,84.0463,5,,3,1.0,362,0.0017248343210667,259.6116590499878
0,fig4a,0,75.215,40,20.0,30,3.0,528,0.0005858507938683,1257.2069551944733
0,fig16b,1,84.658,10,,300,1.0,319,0.0003506348584778,524.3525969982147
0,fig4a,0,74.1182,40,20.0,30,0.3,382,0.0006038376013748,905.4969713687896
0,fig16b,0,83.7687,40,,3,3.0,183,0.0006435559480451,1074.9813737869265
0,fig4a,0,75.51,20,10.0,300,3.0,798,0.0007460989290848,1097.8072504997251
0,fig4a,0,74.1265,10,5.0,10,0.3,1240,0.0018990971148014,734.9215180873871
0,fig4a,1,72.9914,5,2.0,30,1.0,1576,0.002961894031614,386.9141261577606
0,fig4a,0,75.1036,20,20.0,100,1.0,360,0.0003449914802331,882.5335171222687
0,fig16b,0,84.4382,5,,30,0.3,560,0.0009753959020599,400.9714570045471
0,fig16b,0,84.1575,20,20.0,30,1.0,282,0.0003415861865505,675.7603614330292
0,fig16b,0,84.0875,5,,100,1.0,501,0.0007185389404185,373.13490772247314
0,fig4a,0,75.3425,40,40.0,10,3.0,324,0.0007169761811383,1531.9565784931185
0,fig16b,0,83.7961,40,20.0,3,3.0,289,0.0008569791680201,685.1430132389069
0,fig4a,0,75.2882,40,,3,3.0,335,0.0015279820654541,1806.802044630051
0,fig16b,0,83.8385,10,5.0,100,3.0,668,0.0009397855610586,436.4949915409088
0,fig4a,0,75.215,20,20.0,30,3.0,528,0.0005858507938683,1272.901999950409
0,fig4a,0,74.17,10,,30,0.3,563,0.0008040923275984,788.9793620109558
0,fig4a,1,72.7368,40,40.0,300,3.0,267,0.0002042537817033,1420.1148500442505
0,fig16b,1,84.2436,5,5.0,30,3.0,606,0.000930129957851,384.62534523010254
0,fig16b,1,84.2398,10,10.0,10,3.0,417,0.0006836633547209,498.2203643321991
0,fig16b,1,84.6312,10,,100,1.0,340,0.0004018381587229,479.0515275001526
0,fig4a,1,72.4436,40,20.0,30,3.0,416,0.0005856516654603,1065.5125102996826
0,fig4a,1,72.7568,40,,300,3.0,234,0.0001721114967949,1558.91615152359
0,fig16b,0,83.8628,5,,10,3.0,648,0.0009723402326926,521.5324649810791
0,fig16b,0,84.1596,5,,10,1.0,460,0.0010068560950458,326.5812985897064
0,fig16b,0,84.4641,10,,10,0.3,476,0.0005646349163725,663.7930374145508
0,fig4a,1,72.3936,10,,30,3.0,559,0.0007859224569983,811.3472542762756
0,fig4a,0,75.4132,10,5.0,100,3.0,1245,0.0014321587514132,845.6911110877991
0,fig16b,1,84.7908,20,20.0,10,0.3,313,0.0003807467874139,739.5190551280975
0,fig16b,1,84.3289,10,,100,3.0,388,0.0004062403459101,581.8967840671539
0,fig4a,0,75.5307,5,2.0,10,3.0,2001,0.0055146757513284,635.8855237960815
0,fig16b,0,83.8175,5,2.0,3,3.0,922,0.0040720240212976,266.1856942176819
0,fig16b,1,84.3154,10,,300,3.0,370,0.0003661608789116,637.6691765785217
0,fig4a,0,74.2318,40,40.0,100,0.3,261,0.0001990641321754,1285.9787194728851
0,fig16b,0,84.1336,20,,300,1.0,227,0.0002289166150148,739.3264646530151
0,fig4a,1,72.6009,40,40.0,100,3.0,277,0.0002537753607612,1343.6883838176727
0,fig16b,0,83.6868,40,,100,3.0,196,0.0001674470840953,1179.3615489006042
0,fig16b,0,84.4645,5,5.0,10,0.3,702,0.0010780977318063,419.6275417804718
0,fig4a,0,75.5659,20,,300,3.0,429,0.0004078149504493,1479.9982402324677
0,fig4a,1,72.4673,20,10.0,100,3.0,620,0.0006968973902985,820.3672161102295
0,fig4a,0,75.0056,10,,300,1.0,518,0.0004062725638505,856.492805480957
0,fig4a,0,75.0659,10,,100,1.0,516,0.0004971980815753,744.8769714832306
0,fig4a,0,74.5105,40,40.0,3,0.3,445,0.0013111997395753,2122.0593366622925
0,fig4a,0,74.3184,5,5.0,300,0.3,1006,0.0009688202408142,703.3389964103699
0,fig4a,1,72.6777,40,,10,1.0,243,0.0004807550576515,1356.380520105362
0,fig4a,1,72.1443,10,5.0,10,3.0,915,0.0018798527307808,579.2360773086548
0,fig16b,0,84.143,20,20.0,100,1.0,259,0.0002934514195658,641.4682133197784
0,fig4a,0,74.5312,20,20.0,3,0.3,765,0.0015054444083943,1821.8247830867767
0,fig4a,1,71.6087,5,2.0,3,3.0,1444,0.0070225312374532,422.9333472251892
0,fig4a,1,72.7477,5,5.0,10,0.3,961,0.0025978486519306,562.3155148029327
0,fig16b,1,84.5922,5,5.0,300,1.0,573,0.0006353424396365,407.5988914966583
0,fig4a,0,75.1282,5,5.0,3,1.0,1332,0.0048426347784698,829.1385014057159
0,fig16b,0,84.2258,40,,10,1.0,199,0.0002713928988669,1066.242180109024
0,fig16b,1,84.6059,5,,300,1.0,502,0.0005515817319974,426.9636483192444
0,fig16b,0,83.7143,20,,300,3.0,254,0.0002705399529077,849.2755830287933
0,fig16b,1,84.3112,10,10.0,300,3.0,423,0.000396340561565,579.5185570716858
0,fig16b,0,84.1219,40,40.0,300,1.0,182,0.0001187384041259,1024.911915063858
0,fig4a,0,74.231,40,,100,0.3,256,0.0001950537553057,1291.1638133525848
0,fig4a,0,74.2466,20,,100,0.3,387,0.0003309895691927,1021.0410432815552
0,fig4a,1,73.5267,40,20.0,3,0.3,529,0.0019029194954782,1236.2353575229645
0,fig16b,0,84.0386,20,10.0,3,1.0,356,0.0011460143141448,419.2048466205597
0,fig4a,1,72.5021,5,5.0,3,1.0,1034,0.004745177924633,621.8884406089783
0,fig16b,0,83.8672,5,,30,3.0,598,0.0009862781735137,481.78525710105896
0,fig16b,1,84.5374,5,5.0,10,1.0,580,0.0009848033078014,346.3994872570038
0,fig16b,1,84.5012,20,20.0,3,1.0,269,0.0007612598710693,639.378898859024
0,fig4a,1,72.3869,20,10.0,30,3.0,649,0.0008250434766523,853.0222866535187
0,fig4a,1,72.7477,10,5.0,10,0.3,961,0.0025978486519306,568.3123972415924
0,fig16b,0,84.1036,5,5.0,300,1.0,554,0.0007319645374082,390.32689213752747
0,fig16b,0,84.4383,40,,100,0.3,192,0.0001682437432464,967.2102355957032
0,fig4a,1,72.777,5,,300,0.3,815,0.0009073214023374,695.327446937561
0,fig16b,1,84.355,10,,3,3.0,331,0.0010168544249609,484.4933214187622
0,fig16b,0,84.1591,20,,30,1.0,267,0.0003246232809033,700.2771701812744
0,fig16b,0,84.4321,40,20.0,30,0.3,310,0.000335800810717,725.305572271347
0,fig4a,1,72.6782,40,40.0,10,1.0,263,0.0004882068024016,1275.3519914150238
0,fig16b,0,84.4399,20,10.0,30,0.3,504,0.0005091745988465,600.3539400100708
0,fig16b,1,84.5242,5,,30,1.0,480,0.0008715238654986,342.5995213985443
0,fig16b,0,84.4939,5,2.0,100,0.3,1360,0.0021745145786553,332.6392710208893
0,fig4a,1,73.6286,40,,3,0.3,364,0.0012327705044299,1817.9744081497192
0,fig4a,0,75.1562,5,2.0,10,1.0,2001,0.0049164122901856,522.1145367622375
0,fig4a,1,72.1934,5,,10,3.0,882,0.0015134704299271,645.9048719406128
0,fig4a,1,72.5105,40,,30,0.3,286,0.0003614846209529,1391.395889043808
0,fig16b,0,84.1623,40,40.0,30,1.0,193,0.0002267209492856,923.396166563034
0,fig4a,0,75.1869,20,,3,1.0,572,0.0021413040813058,1578.2209436893463
0,fig16b,0,84.0852,10,5.0,100,1.0,549,0.0008496567024849,336.35789346694946
0,fig4a,1,72.6639,40,20.0,300,3.0,411,0.0003502882027532,1108.4175219535828
0,fig4a,1,73.2479,10,,30,1.0,475,0.0006490373052656,652.8127574920654
0,fig4a,0,74.4855,5,2.0,10,0.3,2001,0.0080384258180856,506.12884521484375
0,fig4a,0,74.0942,40,40.0,300,0.3,245,0.0001486737019149,1416.7390894889832
0,fig4a,1,73.1548,10,5.0,100,1.0,813,0.0009065251215361,511.6124370098114
0,fig4a,0,75.4962,5,,300,3.0,1133,0.0011028205044567,968.479998588562
0,fig4a,1,73.4054,10,5.0,3,0.3,1042,0.0038162744604051,663.1528446674347
0,fig4a,1,72.8543,40,20.0,10,0.3,396,0.0011871044989675,1008.1304881572725
0,fig4a,1,72.8076,10,10.0,10,0.3,627,0.0015189956175163,739.5398020744324
0,fig16b,1,84.2684,5,2.0,300,3.0,1143,0.0012980354949831,402.1332128047943
0,fig4a,0,75.0436,40,,300,1.0,205,0.0001569019805174,1333.9372236728668
0,fig16b,1,84.5598,10,5.0,100,1.0,510,0.0008526206365786,316.7014183998108
0,fig16b,0,84.4399,10,10.0,30,0.3,504,0.0005091745988465,603.7411649227142
0,fig16b,0,83.7315,40,20.0,300,3.0,294,0.0003056095447391,795.2636842727661
0,fig4a,1,72.5022,40,40.0,3,1.0,354,0.0012019792338833,1741.6868331432345
0,fig4a,1,71.6996,5,5.0,3,3.0,925,0.003513996489346,583.7722833156586
0,fig4a,1,72.5103,40,40.0,30,0.3,292,0.00036855135113,1466.7801160812378
0,fig4a,1,72.2584,10,,10,3.0,525,0.0011383655946701,758.2580230236053
0,fig4a,0,75.543,20,20.0,300,3.0,502,0.0004623097775038,1361.2899508476255
0,fig4a,1,72.9808,20,10.0,100,0.3,576,0.0007020834600552,704.0026359558105
0,fig16b,0,84.0806,5,2.0,3,1.0,850,0.0038571131881326,206.33860969543457
0,fig16b,0,83.768,10,10.0,300,3.0,460,0.0004698973789345,627.3928484916687
0,fig4a,1,72.9907,10,,100,0.3,560,0.0006151813431642,809.583104133606
0,fig16b,0,84.1986,20,,10,1.0,258,0.0004205966833978,671.3759474754333
0,fig16b,0,84.1585,5,2.0,10,1.0,1037,0.0021130302920937,267.15454363822937
0,fig4a,0,75.1874,40,20.0,3,1.0,637,0.0021810326725244,1533.636456489563
0,fig4a,1,73.4723,20,10.0,3,0.3,815,0.0025029040407389,974.4232811927797
0,fig16b,0,84.1444,40,40.0,100,1.0,185,0.0001671550708124,903.0900468826294
0,fig4a,0,74.993,10,10.0,300,1.0,557,0.0005114626255817,774.6502871513367
0,fig4a,1,72.8528,20,10.0,300,0.3,583,0.0005867022555321,825.6336097717285
0,fig4a,1,73.4144,5,,3,0.3,922,0.0035728099755942,667.007262468338
0,fig16b,1,84.7661,20,10.0,100,0.3,417,0.0004616574151441,518.6821405887604
0,fig4a,0,75.447,5,,100,3.0,1100,0.0012063138419762,896.6705763339996
0,fig16b,1,84.5255,5,2.0,300,1.0,1061,0.0017572748474776,290.741783618927
0,fig4a,0,74.3196,20,10.0,100,0.3,606,0.0006589365657418,753.166806936264
0,fig4a,0,75.1602,10,10.0,3,1.0,867,0.0035169196780771,1032.3841831684113
0,fig16b,1,84.4563,5,,3,1.0,498,0.0013953358866274,385.69320464134216
0,fig4a,1,72.1443,5,5.0,10,3.0,915,0.0018798527307808,564.2923839092255
0,fig4a,1,72.6185,40,,100,3.0,247,0.0002081214188365,1480.6076567173004
0,fig4a,0,75.1036,40,20.0,100,1.0,360,0.0003449914802331,876.7506787776947
0,fig16b,0,84.1358,40,20.0,300,1.0,245,0.000252189754974,686.569952249527
0,fig4a,0,75.321,5,,30,3.0,1117,0.0013850065879523,832.0521230697632
0,fig16b,0,84.4581,20,10.0,10,0.3,456,0.0007024634978733,539.8619563579559
0,fig4a,1,71.9208,40,40.0,3,3.0,274,0.0012669477146118,1265.9183406829834
0,fig16b,1,84.7661,10,10.0,100,0.3,417,0.0004616574151441,518.5750060081482
0,fig16b,1,84.5587,10,,10,1.0,311,0.0007618725649081,443.4193694591522
0,fig4a,1,72.9412,5,5.0,100,0.3,997,0.0010299145942553,604.3729891777039
0,fig16b,1,84.8411,10,,3,0.3,350,0.0013665268197655,459.66691398620605
0,fig4a,0,74.1761,20,10.0,30,0.3,611,0.0008283124188892,723.1804604530334
0,fig4a,1,72.48,5,,300,3.0,855,0.0009426443721167,729.1751475334167
0,fig4a,0,75.2688,20,10.0,30,3.0,826,0.0009071989334188,1003.2702157497406
0,fig16b,0,84.4331,5,5.0,100,0.3,602,0.0009884538594633,370.749361038208
0,fig4a,0,74.0878,40,20.0,10,0.3,396,0.0012034847168251,951.979700565338
0,fig16b,0,84.167,20,10.0,10,1.0,378,0.0006777371163479,452.5002489089966
0,fig16b,0,83.8591,10,5.0,3,3.0,534,0.0020917612127959,362.41534066200256
0,fig4a,1,72.8111,10,,10,0.3,575,0.0014959662221372,744.2999589443207
0,fig16b,1,84.559,20,10.0,30,1.0,403,0.000520700297784,472.5219218730927
0,fig4a,1,72.9922,40,,300,0.3,249,0.0001828857057262,1484.789644241333
0,fig16b,0,83.7986,20,10.0,100,3.0,466,0.0005442244582809,614.3350071907043
0,fig4a,1,72.9101,40,20.0,300,0.3,362,0.0003709828888531,1032.098769903183
0,fig4a,1,72.4421,5,5.0,300,3.0,995,0.0010901964269578,737.3205814361572
0,fig16b,1,84.2985,10,5.0,300,3.0,635,0.0007526619592681,445.1074333190918
0,fig16b,0,83.8824,5,5.0,10,3.0,661,0.0011933682253584,452.34441089630127
0,fig4a,0,75.2695,5,5.0,3,3.0,968,0.0055039436556398,607.6196069717407
0,fig16b,0,83.8591,5,5.0,3,3.0,534,0.0020917612127959,359.7480399608612
0,fig16b,0,84.5007,5,2.0,30,0.3,1459,0.0021971517708152,344.9319543838501
0,fig4a,1,72.9498,5,,100,0.3,834,0.0009603530052118,652.6374244689941
0,fig4a,1,72.3704,40,,10,3.0,247,0.0005224021733738,1469.8359682559967
0,fig4a,1,72.4436,20,20.0,30,3.0,416,0.0005856516654603,979.5712440013884
0,fig4a,1,72.5021,10,5.0,3,1.0,1034,0.004745177924633,624.7724483013153
0,fig4a,1,72.3233,40,20.0,10,3.0,435,0.0007777971914038,1050.0119071006775
0,fig16b,1,84.2398,20,10.0,10,3.0,417,0.0006836633547209,506.9279019832611
0,fig16b,1,84.2367,5,5.0,10,3.0,628,0.0009821759304031,400.4735050201416
0,fig4a,0,74.7791,10,5.0,3,0.3,1172,0.0056234491057693,701.9842672348022
0,fig4a,1,71.7216,20,10.0,3,3.0,535,0.0031629076693207,646.5121214389801
0,fig4a,1,72.5911,10,,300,3.0,543,0.0005725515075027,885.2944340705872
0,fig16b,1,84.3112,20,10.0,300,3.0,423,0.000396340561565,583.0563023090363
0,fig4a,1,73.1695,5,,300,1.0,708,0.0007002293714322,586.1784093379974
0,fig4a,0,74.0929,10,10.0,10,0.3,733,0.001293048611842,873.3032853603363
0,fig16b,1,84.368,20,20.0,3,3.0,279,0.0008339111227542,657.7892663478851
0,fig4a,1,72.2361,5,2.0,30,0.3,2001,0.005514686461538,474.9093570709229
0,fig16b,1,84.771,20,10.0,30,0.3,437,0.000561753695365,517.7791972160339
0,fig4a,0,75.0151,5,,10,1.0,953,0.0016357933636754,689.6308922767639
0,fig4a,1,73.218,10,10.0,100,1.0,499,0.0005617524147965,617.7272255420685
0,fig16b,0,84.4373,40,40.0,100,0.3,195,0.0001726485206745,971.607136964798
0,fig16b,0,83.634,40,40.0,300,3.0,212,0.0001549842709209,1205.709998369217
0,fig16b,0,84.0386,10,10.0,3,1.0,356,0.0011460143141448,426.6375989913941
0,fig4a,1,72.9852,40,40.0,300,0.3,253,0.0001895805617095,1454.0374915599823
0,fig4a,0,74.1138,40,20.0,300,0.3,373,0.0002829894656315,1071.2524530887604
0,fig4a,0,74.9856,40,,10,1.0,257,0.0006240363582037,1351.2633538246157
0,fig16b,0,83.7956,20,,3,3.0,241,0.0008482301491312,722.7650604248047
0,fig4a,0,75.6525,40,,300,3.0,289,0.0002264354261569,1918.213392734528
0,fig4a,1,72.4339,10,5.0,30,0.3,1082,0.0012490398949012,639.9383814334869
0,fig4a,1,72.5022,40,,3,1.0,317,0.0012019792338833,1691.158765792847
0,fig4a,1,71.9202,20,,3,3.0,409,0.0012765384744852,1222.522186756134
0,fig16b,1,84.7908,20,20.0,100,0.3,273,0.0002691591216716,669.7299199104309
0,fig4a,1,72.5712,10,10.0,300,3.0,622,0.0006328143063001,855.3850746154785
0,fig4a,1,72.9467,40,,10,0.3,293,0.000731696782168,1446.7626869678495
0,fig4a,0,74.2583,10,5.0,30,0.3,1088,0.0012116191210225,650.1958682537079
0,fig4a,1,73.2462,40,20.0,100,1.0,332,0.0003252825990784,814.405900478363
0,fig16b,0,84.2254,40,40.0,10,1.0,206,0.0002791794831864,983.4642672538756
0,fig16b,0,84.1286,20,10.0,30,1.0,382,0.0005898376111872,450.3314917087555
0,fig4a,1,73.22,20,10.0,30,1.0,502,0.0007388012600131,598.4821720123291
0,fig16b,1,84.7862,10,5.0,300,0.3,661,0.000667865097057,462.84006524086
0,fig4a,1,72.0241,5,2.0,10,3.0,1717,0.0029889782890677,508.2645344734192
0,fig4a,0,75.51,10,10.0,300,3.0,798,0.0007460989290848,1157.5436322689056
0,fig4a,0,75.3419,40,40.0,30,1.0,274,0.0003302863042335,1380.5460512638092
0,fig16b,1,84.559,10,10.0,30,1.0,403,0.000520700297784,479.74381589889526
0,fig4a,1,72.438,5,,30,0.3,909,0.0011609651846811,646.6639926433563
0,fig16b,0,83.7315,20,20.0,300,3.0,294,0.0003056095447391,790.8238754272461
0,fig4a,0,74.0983,40,,30,0.3,280,0.0003290639433544,1381.9368619918823
0,fig16b,0,84.1251,20,10.0,300,1.0,374,0.0003986810625065,531.6347663402557
0,fig4a,0,75.0033,20,10.0,10,1.0,737,0.0010056651663035,939.3881604671478
0,fig4a,0,75.2688,10,10.0,30,3.0,826,0.0009071989334188,995.6403226852416
0,fig4a,0,74.0973,40,40.0,30,0.3,285,0.0003372158389538,1349.9738824367523
0,fig4a,1,72.9412,10,5.0,100,0.3,997,0.0010299145942553,608.021073102951
0,fig16b,1,84.2916,10,5.0,100,3.0,582,0.0008833110332489,377.498831987381
0,fig16b,1,84.7727,20,10.0,10,0.3,456,0.0006079725571908,541.2432534694672
0,fig16b,0,84.408,10,5.0,3,0.3,733,0.0019244397990405,434.2129530906677
0,fig16b,1,84.4822,5,2.0,10,1.0,1132,0.0020375621970742,273.16921830177307
0,fig16b,1,84.6158,20,20.0,10,1.0,267,0.0004379503661766,632.4709007740021
0,fig4a,0,74.2583,5,5.0,30,0.3,1088,0.0012116191210225,639.8554911613464
0,fig16b,1,84.3353,5,,3,3.0,481,0.0014019445516169,383.1442980766296
0,fig4a,0,75.3009,20,,3,3.0,500,0.0017493270570412,1524.2171885967257
0,fig4a,0,75.3806,5,5.0,10,3.0,1387,0.0017118749674409,867.6231551170349
0,fig16b,0,84.046,10,5.0,3,1.0,435,0.0017382845981046,259.3628284931183
0,fig16b,0,84.1033,5,,300,1.0,480,0.0006717866635881,403.9549980163574
0,fig16b,0,84.4832,40,40.0,10,0.3,246,0.0002286645176354,1165.523753643036
0,fig16b,1,84.6258,10,10.0,100,1.0,379,0.0004202624841127,475.1286890506744
0,fig4a,1,72.9159,20,,300,0.3,355,0.0003442141169216,1082.2386105060575
0,fig4a,0,75.0263,20,20.0,300,1.0,359,0.0002732402936089,1004.902848482132
0,fig16b,0,83.828,40,20.0,10,3.0,328,0.0004720860160887,781.5773959159851
0,fig4a,1,72.858,10,,300,0.3,533,0.0005642923642881,844.007444858551
0,fig16b,0,84.4316,10,,100,0.3,436,0.0004033064760733,629.3256335258484
0,fig16b,1,84.6052,20,20.0,30,1.0,260,0.0003627095138654,616.9414260387421
0,fig16b,1,84.8566,5,,3,0.3,506,0.0016328105702996,355.8239185810089
0,fig16b,1,84.2919,20,20.0,30,3.0,296,0.0003529984678607,699.811506986618
0,fig16b,1,84.7724,10,,10,0.3,423,0.0005874239141121,550.3405728340149
0,fig4a,0,74.1264,5,,10,0.3,1004,0.0018843313446268,717.4780659675598
0,fig16b,0,84.4003,20,,3,0.3,312,0.0010589761659502,849.1283686161041
0,fig16b,0,83.756,20,,100,3.0,269,0.0003064061456825,808.0957520008087
0,fig4a,1,72.575,20,,100,3.0,365,0.0003540584002621,1112.125393629074
0,fig16b,1,84.8815,5,2.0,3,0.3,1259,0.0031861695460975,288.77256751060486
0,fig16b,0,84.408,5,5.0,3,0.3,733,0.0019244397990405,431.70231008529663
0,fig16b,1,84.2436,10,5.0,30,3.0,606,0.000930129957851,381.5746719837189
0,fig4a,0,75.543,40,20.0,300,3.0,502,0.0004623097775038,1345.360169649124
0,fig16b,0,84.4791,5,2.0,300,0.3,1372,0.0021133804693818,393.1631019115448
0,fig16b,0,84.198,40,20.0,10,1.0,274,0.000429218111094,645.2500388622284
0,fig16b,0,84.4284,20,10.0,300,0.3,432,0.0003701127425301,621.4374570846558
0,fig4a,0,74.0937,40,,300,0.3,241,0.0001441166677977,1445.2277269363403
0,fig16b,1,84.2755,10,,30,3.0,415,0.0004598985833581,646.8307635784149
0,fig16b,0,84.4645,10,5.0,10,0.3,702,0.0010780977318063,416.6210052967072
0,fig4a,1,73.2912,40,,300,1.0,192,0.00013068318367,1254.6284544467926
0,fig4a,1,72.5771,5,2.0,3,1.0,1704,0.0105429366230964,457.36258912086487
0,fig16b,0,84.4044,10,10.0,3,0.3,396,0.0015416350215673,466.57298588752747
0,fig4a,1,71.9216,40,20.0,3,3.0,499,0.0012961173197254,1201.9359257221222
0,fig16b,0,83.9051,5,2.0,30,3.0,1122,0.0021466990001499,333.3182911872864
0,fig16b,1,84.7721,10,,100,0.3,408,0.0003938123991247,590.3485004901886
0,fig16b,1,84.8601,10,5.0,3,0.3,614,0.0016641792608425,389.5800626277924
0,fig4a,1,72.3678,40,40.0,10,3.0,293,0.0005384112591855,1399.6529054641724
0,fig4a,1,72.8543,20,20.0,10,0.3,396,0.0011871044989675,952.6144261360168
0,fig16b,0,84.4313,20,,30,0.3,300,0.000326167413732,755.1588196754456
0,fig16b,1,84.5775,5,,100,1.0,487,0.0006903504254296,362.8894164562225
0,fig16b,0,84.1604,40,,30,1.0,187,0.000213981809793,949.1449213027954
0,fig16b,0,83.8571,20,10.0,10,3.0,429,0.0008437588694505,515.6111264228821
0,fig16b,0,83.7986,10,10.0,100,3.0,466,0.0005442244582809,578.6203315258026
0,fig16b,0,83.8399,10,,10,3.0,466,0.0005895718932151,681.816547870636
0,fig16b,0,83.8199,10,5.0,300,3.0,663,0.000901403313037,464.1527886390686
0,fig4a,1,71.9216,20,20.0,3,3.0,499,0.0012961173197254,1168.516588449478
0,fig16b,0,84.436,20,20.0,300,0.3,265,0.0002347916451981,774.012095451355
0,fig4a,1,72.5513,40,20.0,100,3.0,417,0.0004140742239542,1083.13450050354
0,fig16b,0,84.1061,10,10.0,100,1.0,374,0.0004975326010026,491.26196122169495
0,fig16b,1,84.7998,5,,30,0.3,612,0.0007819986785762,468.91642785072327
0,fig16b,0,84.1036,10,5.0,300,1.0,554,0.0007319645374082,392.3846440315247
0,fig16b,1,84.8116,20,20.0,300,0.3,247,0.0002392789174336,717.1193842887878
0,fig4a,0,75.2682,5,,3,3.0,1014,0.0044600698165595,743.4040107727051
0,fig4a,1,73.1355,5,,30,1.0,665,0.0011212652316316,513.4914541244507
0,fig4a,1,72.6639,5,2.0,10,1.0,1837,0.0028479900211095,485.0499279499054
0,fig16b,1,84.5922,10,5.0,300,1.0,573,0.0006353424396365,403.89070773124695
0,fig16b,1,84.8601,5,5.0,3,0.3,614,0.0016641792608425,388.8840942382813
0,fig16b,1,84.2637,20,10.0,30,3.0,405,0.0006401274586096,489.984188079834
0,fig4a,1,73.3316,40,40.0,30,1.0,259,0.0002528929326217,1223.383853673935
0,fig4a,1,72.4815,20,,30,0.3,380,0.0006195385940372,950.309430360794
0,fig4a,0,75.1943,10,,30,1.0,524,0.0007699033012613,729.0857191085815
0,fig16b,1,84.7862,5,5.0,300,0.3,661,0.000667865097057,463.3745605945587
0,fig16b,0,84.436,40,20.0,300,0.3,265,0.0002347916451981,807.302636384964
0,fig4a,1,72.3146,5,5.0,100,3.0,954,0.0011995824752375,621.6600210666656
0,fig4a,1,72.4803,40,20.0,30,0.3,394,0.0006361923296935,938.853642463684
0,fig4a,0,75.1853,10,5.0,30,1.0,1029,0.0011640220182016,623.3071675300598
0,fig16b,0,84.1414,40,,100,1.0,179,0.0001507431297795,954.2328424453736
0,fig16b,1,84.7717,5,,300,0.3,597,0.0005267321248538,540.8909504413605
0,fig16b,1,84.325,10,10.0,100,3.0,448,0.0004345300258137,559.1814107894897
0,fig4a,0,74.6411,5,2.0,100,0.3,2001,0.0054230270907282,512.909206867218
0,fig4a,1,73.2629,40,20.0,300,1.0,327,0.0002517222892493,918.3875629901886
0,fig4a,1,73.5283,20,,3,0.3,492,0.0018956181593239,1271.7478380203247
0,fig4a,0,74.9967,40,20.0,10,1.0,428,0.0008114364463835,1017.2315483093262
0,fig4a,1,72.5192,20,20.0,3,1.0,476,0.0021215844899415,1136.348834514618
0,fig16b,1,84.7705,10,,30,0.3,409,0.0005350550636649,538.9331245422363
0,fig16b,1,84.8461,20,10.0,3,0.3,360,0.0014330723788589,422.5227251052856
0,fig16b,0,83.7724,40,40.0,3,3.0,215,0.0006640068022534,1044.6718831062317
0,fig4a,0,75.3462,40,,10,3.0,301,0.0006343569257296,1786.3210492134094
0,fig16b,0,83.8235,20,,10,3.0,279,0.0004428456886671,835.5015110969543
0,fig4a,1,72.2551,10,10.0,10,3.0,618,0.0011616589035838,757.4444613456726
0,fig16b,0,84.4714,40,20.0,10,0.3,322,0.0004100192454643,806.8572616577148
0,fig4a,0,75.0754,10,5.0,10,1.0,915,0.0023474602494388,553.0287272930145
0,fig16b,0,84.1177,10,5.0,30,1.0,502,0.0010614403290674,320.4226038455963
0,fig4a,1,73.0468,20,,100,0.3,382,0.0003658801142591,1011.9135057926178
0,fig16b,0,84.1575,40,20.0,30,1.0,282,0.0003415861865505,717.6279382705688
0,fig16b,1,84.3484,20,20.0,100,3.0,277,0.0003088607627432,669.9150216579437
0,fig16b,0,84.4306,40,20.0,100,0.3,286,0.0002876215730793,709.5544474124908
0,fig4a,0,74.6229,5,2.0,30,0.3,2001,0.0070144305936992,510.17628049850464
0,fig16b,1,84.4553,10,5.0,3,1.0,608,0.0014118603430688,358.46818137168884
0,fig16b,1,84.7967,10,,300,0.3,389,0.0003122589259874,613.6504187583923
0,fig4a,1,72.4626,10,10.0,30,0.3,596,0.000947609252762,703.1077184677124
0,fig16b,0,84.1286,10,10.0,30,1.0,382,0.0005898376111872,452.83057928085327
0,fig4a,1,72.5192,40,20.0,3,1.0,476,0.0021215844899415,1105.9546279907229
0,fig4a,0,75.4132,5,5.0,100,3.0,1245,0.0014321587514132,788.3542160987854
0,fig4a,0,75.1306,5,,3,1.0,1122,0.0046613258309662,817.4858679771423
0,fig16b,0,84.157,5,5.0,10,1.0,517,0.0010978432837873,308.41946029663086
0,fig4a,0,74.762,5,,3,0.3,1049,0.0050643356516957,746.4027111530304
0,fig4a,1,72.7958,5,,10,0.3,987,0.0017030037706717,700.3318059444427
0,fig16b,0,84.4358,40,40.0,30,0.3,204,0.0002265809889649,975.1274058818816
0,fig4a,1,73.1548,5,5.0,100,1.0,813,0.0009065251215361,541.0064797401428
0,fig4a,0,74.4558,10,5.0,100,0.3,1028,0.0011064427671954,671.7096524238586
0,fig4a,0,74.1138,20,20.0,300,0.3,373,0.0002829894656315,1086.2859845161438
0,fig16b,1,84.325,20,10.0,100,3.0,448,0.0004345300258137,556.0437552928925
0,fig16b,0,83.8693,5,2.0,100,3.0,1265,0.0015470169018954,392.1200323104858
0,fig4a,0,74.9606,5,2.0,3,0.3,2001,0.0135718397796154,487.13485050201416
0,fig4a,1,72.4626,20,10.0,30,0.3,596,0.000947609252762,704.1956424713135
0,fig4a,0,75.1853,5,5.0,30,1.0,1029,0.0011640220182016,618.9584786891937
0,fig16b,0,84.4005,20,20.0,3,0.3,328,0.0010659120744094,774.9689054489136
0,fig4a,0,75.1836,40,,3,1.0,364,0.0019031453412026,1828.3590786457064
0,fig16b,0,84.4624,40,40.0,300,0.3,181,0.0001303116005146,1056.8030931949615
0,fig16b,0,84.0868,5,2.0,100,1.0,1042,0.0018623687792569,263.12892293930054
0,fig4a,1,73.2408,10,,300,1.0,436,0.0004300130531191,719.1660490036011
0,fig16b,0,84.1061,20,10.0,100,1.0,374,0.0004975326010026,464.6992561817169
0,fig4a,0,75.5736,20,20.0,100,3.0,514,0.0004634122014977,1251.495747089386
0,fig16b,1,84.5172,5,5.0,30,1.0,479,0.0010716462275013,305.3567883968353
0,fig4a,0,75.0082,10,5.0,100,1.0,888,0.0010373243130743,590.7412021160126
0,fig4a,0,74.6869,10,10.0,3,0.3,893,0.0031911423429846,1048.8442356586456
0,fig4a,1,72.3631,20,,10,3.0,430,0.0005693459534086,1288.1538956165314
0,fig16b,1,84.5172,10,5.0,30,1.0,479,0.0010716462275013,288.1546130180359
0,fig16b,0,83.8817,5,2.0,10,3.0,1086,0.0023895183112472,318.709157705307
0,fig4a,0,75.4856,5,2.0,300,3.0,2001,0.0036928730551153,712.5638451576233
0,fig4a,1,72.3434,5,,100,3.0,832,0.0010801850585266,678.2794082164764
0,fig16b,0,83.7527,40,40.0,30,3.0,217,0.0002973770315293,1034.0806221961975
0,fig16b,1,84.2596,5,2.0,100,3.0,1162,0.0013795507838949,367.9111053943634
0,fig16b,0,83.768,20,10.0,300,3.0,460,0.0004698973789345,624.7012333869934
0,fig16b,1,84.791,20,10.0,300,0.3,419,0.0003339064714964,609.2296032905579
0,fig4a,0,75.717,40,,100,3.0,291,0.00023251613311,1739.887600660324
0,fig4a,0,75.3459,10,,10,3.0,706,0.0011644953629001,1034.7566261291504
0,fig4a,0,75.2695,10,5.0,3,3.0,968,0.0055039436556398,623.5022966861725
0,fig16b,0,84.4284,10,10.0,300,0.3,432,0.0003701127425301,619.1999580860138
0,fig16b,1,84.2485,5,,30,3.0,518,0.0009008434135466,385.5275619029999
0,fig16b,0,84.4024,5,2.0,3,0.3,1096,0.0040956507436931,261.35177183151245
0,fig16b,1,84.7854,5,,100,0.3,570,0.0007069089333526,449.1221687793732
0,fig4a,1,72.5092,5,,3,1.0,921,0.0037790993228554,667.1207716464996
0,fig4a,0,75.3662,5,,10,3.0,1266,0.0014116591773927,947.91632437706
0,fig16b,1,84.8284,10,5.0,10,0.3,660,0.0010404840577393,395.37505865097046
0,fig4a,0,74.5094,40,,3,0.3,424,0.0012999158352613,2152.0586516857147
0,fig16b,1,84.2392,5,,10,3.0,550,0.0009303668048232,405.20995712280273
0,fig16b,0,84.4581,10,10.0,10,0.3,456,0.0007024634978733,540.6969609260559
0,fig16b,1,84.3537,10,10.0,3,3.0,390,0.0010305878240615,516.7004923820496
0,fig4a,1,71.7968,10,,3,3.0,577,0.0022718554828315,834.7545037269592
0,fig16b,0,84.398,40,40.0,3,0.3,283,0.0007634821813553,1350.6186106204989
0,fig4a,0,75.3053,40,20.0,3,3.0,493,0.002440066775307,1269.57320189476
0,fig4a,0,75.1836,40,40.0,3,1.0,405,0.0019031453412026,1788.0037331581116
0,fig16b,0,83.7629,20,20.0,100,3.0,316,0.0003302200639154,772.3502562046051
0,fig4a,0,75.271,10,10.0,3,3.0,635,0.0043386993929743,771.1823916435242
0,fig4a,0,75.1602,20,10.0,3,1.0,867,0.0035169196780771,1013.2245893478394
0,fig4a,1,72.6849,40,20.0,10,1.0,351,0.000751485582441,825.0974354743958
0,fig4a,0,74.5312,40,20.0,3,0.3,765,0.0015054444083943,1951.401671409607
0,fig4a,1,73.4723,10,10.0,3,0.3,815,0.0025029040407389,951.6656365394592
0,fig4a,1,72.4803,20,20.0,30,0.3,394,0.0006361923296935,939.2437744140624
0,fig4a,0,75.0318,5,,100,1.0,803,0.0008392907911911,600.4979732036591
0,fig4a,0,75.3406,20,,10,3.0,465,0.0007852389244362,1377.2373311519625
0,fig16b,0,84.4331,10,5.0,100,0.3,602,0.0009884538594633,371.7303800582886
0,fig16b,1,84.6163,20,,30,1.0,254,0.0003292443579994,662.3407304286957
0,fig4a,0,74.6869,20,10.0,3,0.3,893,0.0031911423429846,1039.1825008392334
0,fig4a,0,74.9837,5,2.0,300,1.0,2001,0.0027317190542817,578.3658094406128
0,fig4a,1,73.234,10,10.0,300,1.0,493,0.0004758833674713,696.7230281829834
0,fig4a,1,72.2821,5,,30,3.0,857,0.0012178752804175,648.5505590438843
0,fig4a,1,72.5191,20,,3,1.0,419,0.0021108034998178,1144.1048245429993
0,fig4a,0,75.1888,5,,30,1.0,856,0.0011111445492133,617.7445306777954
0,fig16b,1,84.8034,20,20.0,30,0.3,301,0.0003208024427294,710.5635366439819
0,fig4a,1,73.0474,5,2.0,300,1.0,1775,0.0021045266184955,503.6734421253204
0,fig16b,0,84.0134,40,40.0,3,1.0,195,0.0006008053896948,905.7761614322662
0,fig4a,0,74.0878,20,20.0,10,0.3,396,0.0012034847168251,944.1028523445128
0,fig16b,0,83.7603,10,,300,3.0,403,0.0004283915041014,659.1689810752869
0,fig16b,1,84.9248,5,2.0,300,0.3,1356,0.0020681349560618,361.14372968673706
0,fig16b,0,84.3979,40,,3,0.3,275,0.0007625972502864,1344.6369967460632
0,fig4a,1,72.8528,10,10.0,300,0.3,583,0.0005867022555321,834.0969967842102
0,fig4a,0,75.1874,20,20.0,3,1.0,637,0.0021810326725244,1506.574699163437
0,fig4a,1,71.7216,10,10.0,3,3.0,535,0.0031629076693207,654.2338502407074
0,fig16b,0,83.8047,10,10.0,30,3.0,502,0.0006032576784491,617.7322752475739
0,fig16b,1,84.2637,10,10.0,30,3.0,405,0.0006401274586096,490.2702121734619
0,fig4a,1,73.0948,40,40.0,100,0.3,264,0.0002190988889196,1304.844963312149
0,fig16b,1,84.2985,5,5.0,300,3.0,635,0.0007526619592681,446.3919415473938
0,fig4a,0,74.0412,40,,10,0.3,286,0.00078892003512,1384.5754652023315
0,fig4a,0,75.0003,10,,10,1.0,676,0.0009176479652523,993.4732849597932
0,fig16b,0,84.0132,40,,3,1.0,185,0.0005985643947497,945.7587068080902
0,fig4a,0,75.0754,5,5.0,10,1.0,915,0.0023474602494388,540.7394587993622
0,fig16b,0,84.0852,5,5.0,100,1.0,549,0.0008496567024849,342.9969732761383
0,fig4a,1,72.4339,5,5.0,30,0.3,1082,0.0012490398949012,686.6680536270142
0,fig4a,1,73.218,20,10.0,100,1.0,499,0.0005617524147965,614.759167432785
0,fig16b,0,83.7798,20,,30,3.0,271,0.0003945148491766,862.0988821983337
0,fig16b,1,84.5545,10,10.0,10,1.0,335,0.0008029298624023,395.8459007740021
0,fig4a,1,72.5712,20,10.0,300,3.0,622,0.0006328143063001,863.2777898311615
0,fig16b,0,84.462,5,,10,0.3,599,0.0010030891280621,429.2116322517395
0,fig16b,0,83.828,20,20.0,10,3.0,328,0.0004720860160887,784.4158823490143
0,fig16b,0,84.5093,5,2.0,10,0.3,1541,0.0021985371131449,366.3481488227844
0,fig4a,0,75.3806,10,5.0,10,3.0,1387,0.0017118749674409,887.643678188324
0,fig4a,0,75.1309,40,40.0,30,3.0,352,0.0003654956526588,1656.9725506305697
0,fig4a,0,75.1677,5,2.0,3,1.0,2001,0.0135448221117258,503.2090456485748
0,fig4a,1,72.7507,5,5.0,300,0.3,956,0.001010074163787,666.9753375053406
0,fig16b,1,84.915,5,2.0,10,0.3,1483,0.0021304618567228,352.1086485385895
0,fig4a,0,75.3565,20,10.0,10,3.0,769,0.0013223220594227,930.478838443756
0,fig4a,0,74.9854,40,40.0,10,1.0,278,0.0006300471723079,1321.2663357257843
0,fig16b,0,84.4266,5,,300,0.3,522,0.0007714953972026,442.3961696624756
0,fig4a,0,75.4788,5,5.0,300,3.0,1281,0.0014051918406039,878.0936343669891
0,fig4a,0,75.3583,40,,30,1.0,260,0.0003017663839273,1373.4917438030243
0,fig16b,1,84.6714,20,20.0,300,1.0,238,0.0002211969404015,683.663777589798
0,fig4a,1,73.1671,5,,100,1.0,686,0.0008434145711362,508.67693281173706
0,fig4a,0,75.2585,10,,30,3.0,727,0.0008142511942423,1052.6133921146393
0,fig16b,0,84.046,5,5.0,3,1.0,435,0.0017382845981046,260.72207593917847
0,fig4a,0,75.0271,20,,300,1.0,316,0.0002491390041541,1090.8225343227386
0,fig16b,1,84.6623,20,20.0,100,1.0,241,0.0002890301111619,630.1089432239532
0,fig4a,1,72.3146,10,5.0,100,3.0,954,0.0011995824752375,608.9543647766113
0,fig4a,0,75.4339,5,2.0,100,3.0,2001,0.0036260669585317,672.7905311584473
0,fig4a,1,73.0967,40,,100,0.3,260,0.0002119557757396,1312.277186870575
0,fig16b,1,84.2162,5,2.0,30,3.0,1089,0.0017483154078945,349.3697531223297
0,fig4a,1,72.1157,5,2.0,100,3.0,1792,0.0022343294695019,562.608579158783
0,fig4a,1,72.6816,5,5.0,10,1.0,858,0.0013603173429146,508.8151571750641
0,fig16b,0,83.8304,20,10.0,3,3.0,373,0.0011879092780873,453.3362143039704
0,fig16b,0,84.4714,20,20.0,10,0.3,322,0.0004100192454643,756.2562687397003
0,fig16b,0,84.4306,20,20.0,100,0.3,286,0.0002876215730793,719.9730463027954
0,fig4a,1,72.5785,40,,30,3.0,267,0.0002873436897061,1591.5053298473358
0,fig4a,0,75.2716,10,,3,3.0,543,0.0042969537898898,795.9041635990143
0,fig16b,0,83.8001,10,,30,3.0,448,0.0005382027593441,693.8255040645599
0,fig16b,0,84.4284,10,,300,0.3,399,0.0003481546009425,630.3756544589996
0,fig4a,1,72.618,5,2.0,100,0.3,2001,0.0043301014229655,525.5694258213043
0,fig4a,1,73.1272,5,5.0,30,1.0,790,0.0011854001786559,470.55905508995056
0,fig4a,0,74.7791,5,5.0,3,0.3,1172,0.0056234491057693,707.1411128044128
0,fig4a,1,72.9808,10,10.0,100,0.3,576,0.0007020834600552,715.0761885643005
0,fig4a,1,72.6928,20,,300,3.0,357,0.0002945927262771,1274.6585693359375
0,fig4a,0,75.3053,20,20.0,3,3.0,493,0.002440066775307,1159.177870512009
0,fig4a,0,75.6218,40,40.0,300,3.0,332,0.0002667228400241,1771.992970943451
0,fig4a,0,75.2971,40,40.0,3,3.0,350,0.0016832156106829,1815.0851838588717
0,fig16b,0,84.4388,10,,30,0.3,478,0.0004624982539098,619.8428854942322
0,fig16b,0,84.4384,5,5.0,30,0.3,662,0.0010358471190556,392.4084429740906
0,fig4a,0,74.0935,10,,10,0.3,664,0.0012791567714884,866.3827319145203
0,fig16b,0,83.7112,40,40.0,100,3.0,216,0.0002072930947178,1040.7698135375977
0,fig16b,0,83.785,20,20.0,30,3.0,314,0.0004333476827014,801.5667130947113
0,fig4a,1,72.5178,10,,3,1.0,635,0.0027309595607221,953.195463180542
0,fig16b,0,84.172,10,,10,1.0,364,0.0006107706576585,489.7515079975128
0,fig4a,1,71.6996,10,5.0,3,3.0,925,0.003513996489346,633.8605992794037
0,fig4a,1,73.22,10,10.0,30,1.0,502,0.0007388012600131,604.0508487224579
0,fig16b,0,83.7718,40,,10,3.0,229,0.0002360731741646,1332.1796698570251
0,fig16b,1,84.3143,5,2.0,3,3.0,914,0.0030279301572591,266.6468172073364
0,fig16b,0,83.8774,5,5.0,30,3.0,678,0.0010703013977035,457.1859130859375
0,fig16b,0,84.4034,10,,3,0.3,362,0.0015291908057406,470.43446826934814
0,fig4a,1,72.2179,5,2.0,300,3.0,1757,0.0020717312581837,653.12508893013
0,fig4a,0,74.1098,20,,30,0.3,379,0.0005665700300596,953.5113153457642
0,fig4a,0,74.9774,5,,300,1.0,789,0.0008192166569642,708.3499372005463
0,fig16b,0,83.8571,10,10.0,10,3.0,429,0.0008437588694505,529.9440698623657
0,fig4a,1,72.6639,20,20.0,300,3.0,411,0.0003502882027532,1093.2615456581116
0,fig4a,0,75.1451,40,40.0,100,1.0,239,0.0002008071169257,1161.9616281986237
0,fig4a,0,74.9722,5,5.0,300,1.0,955,0.0008640722953714,666.7426378726959
0,fig4a,0,75.1461,40,,100,1.0,221,0.0001853079302236,1231.878808259964
0,fig16b,0,84.4313,10,10.0,100,0.3,466,0.0004311376542318,571.7195143699646
0,fig16b,1,84.771,10,10.0,30,0.3,437,0.000561753695365,521.944730758667
0,fig4a,1,73.4054,5,5.0,3,0.3,1042,0.0038162744604051,665.5205626487732
0,fig16b,1,84.4553,5,5.0,3,1.0,608,0.0014118603430688,388.09780287742615
0,fig4a,1,72.4673,10,10.0,100,3.0,620,0.0006968973902985,822.5862641334534
0,fig4a,0,74.5704,5,2.0,300,0.3,2001,0.0048849009908735,533.8477659225464
0,fig16b,0,84.1175,10,,100,1.0,355,0.0004348031943663,498.481565952301
0,fig16b,0,83.7961,20,20.0,3,3.0,289,0.0008569791680201,747.1716425418854
0,fig4a,0,75.0082,5,5.0,100,1.0,888,0.0010373243130743,547.5438187122345
0,fig16b,1,84.4935,5,2.0,30,1.0,1091,0.0019887143280357,263.6013257503509
0,fig16b,0,83.8385,5,5.0,100,3.0,668,0.0009397855610586,434.71953868865967
0,fig16b,1,84.5545,20,10.0,10,1.0,335,0.0008029298624023,395.4862234592438
0,fig4a,0,74.1265,5,5.0,10,0.3,1240,0.0018990971148014,727.5966191291809
0,fig4a,1,71.7106,5,,3,3.0,829,0.0033203952480107,612.7205440998077
0,fig16b,0,84.433,5,,100,0.3,512,0.0009289593435823,379.2692174911499
0,fig16b,1,84.9173,5,2.0,100,0.3,1397,0.0019481924828141,357.98298382759094
0,fig16b,0,84.1333,10,,30,1.0,356,0.0005442053661681,485.223090171814
0,fig16b,1,84.7727,10,10.0,10,0.3,456,0.0006079725571908,575.7825422286987
0,fig4a,0,74.1127,20,,300,0.3,358,0.0002746890531852,1098.681125164032
0,fig4a,1,72.8076,20,10.0,10,0.3,627,0.0015189956175163,749.1249725818634
0,fig4a,0,75.6728,40,40.0,100,3.0,334,0.0002754360612016,1603.581398010254
0,fig16b,0,84.1358,20,20.0,300,1.0,245,0.000252189754974,685.0786294937134
0,fig4a,1,73.2864,40,20.0,30,1.0,347,0.0004644830478355,826.062742471695
0,fig16b,0,83.8334,5,,3,3.0,601,0.001250346773304,450.1640939712525
0,fig4a,1,73.5267,20,20.0,3,0.3,529,0.0019029194954782,1238.634080171585
0,fig16b,0,84.1274,5,2.0,30,1.0,1082,0.0018836228409782,260.4619219303131
0,fig4a,1,72.5161,5,2.0,300,0.3,2001,0.0040764976292848,532.3523323535919
0,fig16b,0,84.157,10,5.0,10,1.0,517,0.0010978432837873,308.66428112983704
0,fig16b,0,84.1509,20,,100,1.0,251,0.0002589719370007,680.6830205917358
0,fig4a,1,73.6269,40,40.0,3,0.3,384,0.001235642354004,1933.440886735916
0,fig16b,1,84.523,5,2.0,100,1.0,1084,0.0017491241451352,263.9898192882538
0,fig16b,0,84.4361,40,,30,0.3,202,0.0002210955572081,985.11949801445
0,fig4a,0,74.2259,5,,300,0.3,915,0.0007176137878559,779.0342195034027
0,fig16b,1,84.2528,20,20.0,10,3.0,293,0.000453716609627,702.0671725273132
0,fig4a,0,75.191,20,10.0,30,1.0,591,0.0008075854857452,756.2195067405701
0,fig16b,1,84.4572,10,10.0,3,1.0,302,0.0013740811264142,350.1487762928009
0,fig16b,1,84.8461,10,10.0,3,0.3,360,0.0014330723788589,431.1706438064575
0,fig4a,0,74.1476,20,10.0,300,0.3,602,0.0004971847520209,863.9166276454926
0,fig16b,1,84.8282,5,5.0,30,0.3,650,0.0009842499857768,388.2096815109253
0,fig4a,0,74.9879,20,,10,1.0,451,0.0006653953460045,1189.2604665756226
0,fig4a,0,74.1476,10,10.0,300,0.3,602,0.0004971847520209,856.3130872249603
0,fig16b,1,84.3731,5,2.0,3,1.0,1087,0.003673730418086,282.36220049858093
0,fig4a,1,72.7507,10,5.0,300,0.3,956,0.001010074163787,676.904545545578
0,fig4a,1,73.2313,10,,100,1.0,464,0.0004827436932828,666.7854607105255
0,fig4a,0,75.0263,40,20.0,300,1.0,359,0.0002732402936089,1063.3188939094543
0,fig4a,1,72.5451,40,40.0,30,3.0,300,0.0003362387651577,1428.1162695884705
0,fig16b,0,84.4384,10,5.0,30,0.3,662,0.0010358471190556,391.0440783500672
0,fig16b,0,84.1177,5,5.0,30,1.0,502,0.0010614403290674,302.754949092865
0,fig4a,0,74.1761,10,10.0,30,0.3,611,0.0008283124188892,728.2785971164703
0,fig16b,0,84.4717,20,,10,0.3,310,0.000405403523473,774.1750795841217
0,fig16b,1,84.5021,20,,3,1.0,248,0.0007543065003119,636.0664401054382
0,fig16b,0,84.4367,20,,300,0.3,255,0.0002280861517647,792.7918155193329
0,fig4a,1,72.4421,10,5.0,300,3.0,995,0.0010901964269578,731.4456553459167
0,fig4a,1,72.6849,20,20.0,10,1.0,351,0.000751485582441,834.6207156181335
0,fig4a,0,74.1411,10,,300,0.3,555,0.0004730717046186,874.5210065841675
0,fig16b,1,84.7912,20,20.0,3,0.3,368,0.0007922215736471,867.9569787979126
0,fig16b,1,84.8284,5,5.0,10,0.3,660,0.0010404840577393,419.8441100120544
0,fig16b,0,83.785,40,20.0,30,3.0,314,0.0004333476827014,800.195109128952
0,fig16b,1,84.5374,10,5.0,10,1.0,580,0.0009848033078014,344.9843170642853
0,fig4a,1,73.0444,40,20.0,100,0.3,398,0.0003753053024411,979.1158616542816
0,fig4a,0,74.1182,20,20.0,30,0.3,382,0.0006038376013748,962.6138517856598
0,fig4a,0,74.0838,20,,10,0.3,389,0.0011636093258857,979.479674577713
0,fig4a,1,72.4791,20,,30,3.0,379,0.0004876429447904,1167.8405601978302
0,fig4a,0,75.0554,10,10.0,100,1.0,578,0.0005436803330667,714.5791099071503
0,fig4a,1,73.2488,40,40.0,100,1.0,228,0.0001801683101803,1104.0980479717257
0,fig4a,1,72.248,5,5.0,30,3.0,961,0.0013948286650702,594.4533281326294
0,fig16b,1,84.4588,10,,3,1.0,270,0.0013460518093779,366.5882008075714
0,fig4a,1,73.2495,20,,100,1.0,310,0.0002800940128508,896.3439784049988
0,fig4a,0,75.0915,40,,30,3.0,329,0.000269121985184,1927.238558292389
0,fig16b,0,84.0297,40,20.0,3,1.0,249,0.0009116909350268,583.3822863101959
0,fig4a,0,75.191,10,10.0,30,1.0,591,0.0008075854857452,699.3045465946198
0,fig16b,1,84.6187,20,,10,1.0,252,0.0004286507028155,698.0591776371002
0,fig4a,1,73.2629,20,20.0,300,1.0,327,0.0002517222892493,947.749517917633
0,fig16b,0,84.4005,40,20.0,3,0.3,328,0.0010659120744094,758.6969034671783
0,fig4a,1,72.3869,10,10.0,30,3.0,649,0.0008250434766523,791.9028587341309
0,fig16b,1,84.4572,20,10.0,3,1.0,302,0.0013740811264142,358.13776540756226
0,fig16b,1,84.8006,10,5.0,100,0.3,667,0.000777804874815,406.6741092205048
0,fig16b,0,84.4047,5,,3,0.3,663,0.0015772636979818,472.8890902996063
0,fig4a,1,72.6875,10,,10,1.0,439,0.0010510678403079,606.3851492404938
0,fig4a,1,73.2667,20,,300,1.0,287,0.0002305348752997,961.7953765392303
0,fig4a,1,73.0527,5,2.0,100,1.0,1666,0.0023445270489901,426.6848742961884
0,fig4a,1,72.5513,20,20.0,100,3.0,417,0.0004140742239542,1020.0894870758056
0,fig4a,0,75.5082,10,,300,3.0,692,0.0006805004668422,1122.0151579380035
0,fig16b,1,84.3352,10,5.0,3,3.0,568,0.0014155897079035,355.4294664859772
0,fig4a,0,75.1282,10,5.0,3,1.0,1332,0.0048426347784698,859.9810395240784
0,fig4a,0,74.9967,20,20.0,10,1.0,428,0.0008114364463835,1011.6994080543518
0,fig16b,1,84.5598,5,5.0,100,1.0,510,0.0008526206365786,314.2893211841583
0,fig16b,1,84.2953,5,,100,3.0,498,0.0008415193296968,382.7141180038452
0,fig16b,1,84.2367,10,5.0,10,3.0,628,0.0009821759304031,397.4645485877991
0,fig16b,1,84.2916,5,5.0,100,3.0,582,0.0008833110332489,379.5161929130554
0,fig4a,0,75.271,20,10.0,3,3.0,635,0.0043386993929743,777.5890533924103
0,fig16b,1,84.5696,10,,30,1.0,373,0.0004788866790477,543.6489579677582
0,fig4a,0,74.2759,10,,100,0.3,600,0.0005399798392318,815.9865431785583
0,fig4a,0,75.3102,5,2.0,3,3.0,1895,0.0096698300912976,568.9265854358673
0,fig16b,0,83.861,5,2.0,300,3.0,1189,0.0015382339479401,415.3680067062378
0,fig16b,0,84.4254,10,5.0,300,0.3,623,0.0008195541449822,440.79259037971497
0,fig4a,1,73.2462,20,20.0,100,1.0,332,0.0003252825990784,832.8164899349213
0,fig4a,1,73.252,40,,100,1.0,212,0.0001597921364009,1194.1149473190308
0,fig16b,1,84.6473,10,10.0,300,1.0,353,0.0003813586081378,497.7814431190491
0,fig4a,0,74.0929,20,10.0,10,0.3,733,0.001293048611842,869.8166284561157
0,fig4a,1,72.6818,5,,10,1.0,715,0.0013164837146177,509.3475825786591
0,fig4a,1,72.0394,5,2.0,30,3.0,1619,0.0030630242545157,493.76011395454407
0,fig4a,0,75.3386,20,20.0,10,3.0,502,0.0009204238303937,1199.476601600647
0,fig4a,0,74.4144,5,,100,0.3,892,0.0009521499741822,706.0026199817657
0,fig16b,0,83.7629,40,20.0,100,3.0,316,0.0003302200639154,771.5888710021973
0,fig16b,0,83.8067,5,,300,3.0,583,0.0008028402808122,488.7067668437958
0,fig16b,0,84.143,40,20.0,100,1.0,259,0.0002934514195658,634.9851686954498
0,fig4a,0,75.3768,5,2.0,30,3.0,2001,0.0041159149259328,626.8295085430145
0,fig16b,1,84.3352,5,5.0,3,3.0,568,0.0014155897079035,359.6427433490753
0,fig16b,0,83.7915,10,,100,3.0,412,0.0004908365081064,603.4669284820557
0,fig4a,1,73.2883,40,40.0,300,1.0,212,0.0001457465987186,1204.12149643898
0,fig4a,0,74.4558,5,5.0,100,0.3,1028,0.0011064427671954,622.3310012817383
0,fig4a,0,75.2683,40,20.0,30,1.0,399,0.0005097623215988,948.3064591884612
0,fig4a,1,73.2939,20,,30,1.0,330,0.0004164413549005,893.458498954773
0,fig4a,1,72.2551,20,10.0,10,3.0,618,0.0011616589035838,797.0187962055206
0,fig4a,1,73.149,5,5.0,300,1.0,816,0.0007967377314344,576.9537091255188
0,fig4a,1,72.9101,20,20.0,300,0.3,362,0.0003709828888531,1042.3572142124176
0,fig4a,0,75.5128,10,10.0,100,3.0,792,0.0008025358547456,987.3622334003448
0,fig4a,1,73.2864,20,20.0,30,1.0,347,0.0004644830478355,882.5825700759888
0,fig4a,0,75.0554,20,10.0,100,1.0,578,0.0005436803330667,764.9279890060425
0,fig16b,1,84.6473,20,10.0,300,1.0,353,0.0003813586081378,526.3483736515045
0,fig4a,0,75.1213,20,,100,1.0,343,0.0002809398865792,972.9914667606354
0,fig4a,0,75.5128,20,10.0,100,3.0,792,0.0008025358547456,989.9606833457948
0,fig4a,0,75.2791,20,,30,1.0,368,0.0004806052020285,988.551088809967
0,fig16b,1,84.8282,10,5.0,30,0.3,650,0.0009842499857768,387.704790353775
0,fig4a,0,75.1862,5,2.0,30,1.0,2001,0.0035734949633479,496.86662340164185
0,fig16b,0,84.1218,5,,30,1.0,502,0.0008361506043002,385.5591199398041
0,fig4a,0,74.2475,20,20.0,100,0.3,396,0.000359190715244,967.6101610660552
0,fig16b,0,83.8047,20,10.0,30,3.0,502,0.0006032576784491,611.2585773468018
0,fig4a,1,72.3233,20,20.0,10,3.0,435,0.0007777971914038,1051.503937482834
0,fig4a,1,72.6861,20,10.0,10,1.0,497,0.0010699551785364,636.989105463028
0,fig16b,1,84.2133,5,2.0,10,3.0,1092,0.0018618154572322,324.8016963005066
0,fig16b,0,84.198,20,20.0,10,1.0,274,0.000429218111094,654.3759005069733
0,fig4a,0,74.9722,10,5.0,300,1.0,955,0.0008640722953714,672.0044946670532
0,fig4a,1,73.0444,20,20.0,100,0.3,398,0.0003753053024411,977.3320517539978
0,fig16b,0,84.4044,20,10.0,3,0.3,396,0.0015416350215673,474.925675868988
0,fig16b,0,84.1281,10,,300,1.0,332,0.0003766178851947,580.1764838695526
0,fig16b,1,84.791,10,10.0,300,0.3,419,0.0003339064714964,603.5997869968414
0,fig4a,0,75.3565,10,10.0,10,3.0,769,0.0013223220594227,923.727600812912
0,fig4a,0,75.1892,20,,30,3.0,461,0.0005115263629704,1349.1477065086365
0,fig16b,1,84.6258,20,10.0,100,1.0,379,0.0004202624841127,471.4709448814392
0,fig16b,1,84.9288,5,2.0,30,0.3,1388,0.0022197731304913,325.6455750465393
0,fig16b,1,84.8006,5,5.0,100,0.3,667,0.000777804874815,409.7476937770844
0,fig16b,1,84.3271,20,20.0,300,3.0,265,0.0002715818118304,720.7905085086823
0,fig16b,0,84.4631,40,,300,0.3,178,0.000127888037241,1068.7307064533234
0,fig16b,0,84.1169,40,,300,1.0,172,0.000104581733467,1102.4738137722015
0,fig4a,0,75.4788,10,5.0,300,3.0,1281,0.0014051918406039,879.6500384807587
0,fig16b,0,84.4313,20,10.0,100,0.3,466,0.0004311376542318,578.8885090351105
0,fig16b,0,84.0384,10,,3,1.0,327,0.0010932550067082,472.1877799034119
0,fig4a,0,75.5926,20,,100,3.0,442,0.0004038450715597,1332.947526216507
0,fig4a,1,72.6711,5,2.0,10,0.3,2001,0.0068449755199253,466.41798663139343
0,fig16b,1,84.5417,5,,10,1.0,487,0.0009452805970795,347.2434720993042
0,fig16b,0,84.4847,40,,10,0.3,243,0.0002221822796855,1196.3807203769684
0,fig4a,0,75.2683,20,20.0,30,1.0,399,0.0005097623215988,950.2012684345244
0,fig16b,0,84.4254,5,5.0,300,0.3,623,0.0008195541449822,438.24118280410767
0,fig4a,0,74.0412,40,40.0,10,0.3,296,0.0007897360483184,1410.9594583511353
0,fig4a,1,72.4819,10,,100,3.0,540,0.0006485150079242,800.1123032569885
0,fig16b,0,83.8199,5,5.0,300,3.0,663,0.000901403313037,469.8190972805023
0,fig4a,0,74.5308,20,,3,0.3,707,0.0015014715027064,1801.9980692863464
0,fig4a,0,74.2475,40,20.0,100,0.3,396,0.000359190715244,1037.4767293930054
0,fig16b,0,83.7842,40,40.0,10,3.0,242,0.0002877227670978,1140.482182264328
0,fig4a,1,72.5175,20,10.0,3,1.0,727,0.0027645141817629,895.7876846790314
0,fig4a,1,72.248,10,5.0,30,3.0,961,0.0013948286650702,610.2240023612976
0,fig4a,0,75.5229,10,,100,3.0,705,0.0006988364038988,1031.4681541919708
0,fig16b,0,83.8304,10,10.0,3,3.0,373,0.0011879092780873,487.6193978786469
0,fig16b,1,84.8245,5,,10,0.3,549,0.0010113766184076,393.8033437728882
0,fig4a,0,75.0392,40,40.0,300,1.0,225,0.0001750766095938,1246.1989867687223
0,fig4a,0,75.0033,10,10.0,10,1.0,737,0.0010056651663035,881.9146389961243
0,fig4a,0,75.3335,10,5.0,30,3.0,1278,0.0015516520943492,819.1514794826508
0,fig16b,0,84.4313,20,,100,0.3,277,0.0002783582604024,720.1839587688446
0,fig4a,0,75.3386,40,20.0,10,3.0,502,0.0009204238303937,1216.3680396080017
0,fig16b,0,84.167,10,10.0,10,1.0,378,0.0006777371163479,450.8147134780884
0,fig4a,0,74.3184,10,5.0,300,0.3,1006,0.0009688202408142,713.6642730236053
0,fig4a,1,72.913,20,,10,0.3,452,0.0008697332814335,1129.6566927433014
0,fig4a,0,74.6863,10,,3,0.3,792,0.0031777957919985,1060.979753255844
0,fig16b,0,84.0173,20,,3,1.0,284,0.0006724441191181,729.6569082736969
0,fig16b,0,84.1251,10,10.0,300,1.0,374,0.0003986810625065,535.095755815506
0,fig16b,1,84.3005,5,,300,3.0,575,0.0006112581468187,486.9594509601593
0,fig4a,1,71.9208,40,,3,3.0,229,0.0012669477146118,1261.6041071414948
0,fig16b,0,83.6113,40,,300,3.0,193,0.0001167492810054,1290.1707677841189
