image_name,model,layer,scheduler,optimizer,max_iter,lr,device,loss_func,image_path,seed,loss,penalty,orig_image_category,met_image_category,pearson_corr
parrot,ResNet50,layer2,None,Adam,12000,0.01,cpu,mse,/mnt/ceph/users/wbroderick/plenoptic_experiments/deepnet_metamer/model-ResNet50-layer2_img-parrot_0_seed-0_iter-12000_loss-mse_opt-Adam_lr-1.0e-02_sch-None.svg,0,0.00027059324202127755,9.884813152893912e-6,macaw,macaw,0.9947886293282344
parrot,ResNet50,layer2,StepLR-1000,Adam,12000,0.01,cpu,mse,/mnt/ceph/users/wbroderick/plenoptic_experiments/deepnet_metamer/model-ResNet50-layer2_img-parrot_0_seed-0_iter-12000_loss-mse_opt-Adam_lr-1.0e-02_sch-StepLR-1000.svg,0,0.00004843137503485195,9.554893543040066e-10,macaw,macaw,0.9990670617210428
parrot,ResNet50,layer2,StepLR-3000,Adam,12000,0.01,cpu,mse,/mnt/ceph/users/wbroderick/plenoptic_experiments/deepnet_metamer/model-ResNet50-layer2_img-parrot_0_seed-0_iter-12000_loss-mse_opt-Adam_lr-1.0e-02_sch-StepLR-3000.svg,0,0.000017480191672802903,2.6292164889696323e-8,macaw,macaw,0.9996632957857297
parrot,ResNet50,layer2,None,Adam,12000,0.001,cpu,mse,/mnt/ceph/users/wbroderick/plenoptic_experiments/deepnet_metamer/model-ResNet50-layer2_img-parrot_0_seed-0_iter-12000_loss-mse_opt-Adam_lr-1.0e-03_sch-None.svg,0,0.000030102626624284312,3.498310618965661e-8,macaw,macaw,0.9994202613939643
parrot,ResNet50,layer2,StepLR-1000,Adam,12000,0.001,cpu,mse,/mnt/ceph/users/wbroderick/plenoptic_experiments/deepnet_metamer/model-ResNet50-layer2_img-parrot_0_seed-0_iter-12000_loss-mse_opt-Adam_lr-1.0e-03_sch-StepLR-1000.svg,0,0.0006107526132836938,2.1318322662722267e-9,macaw,macaw,0.9882624359945118
parrot,ResNet50,layer2,StepLR-3000,Adam,12000,0.001,cpu,mse,/mnt/ceph/users/wbroderick/plenoptic_experiments/deepnet_metamer/model-ResNet50-layer2_img-parrot_0_seed-0_iter-12000_loss-mse_opt-Adam_lr-1.0e-03_sch-StepLR-3000.svg,0,0.00004948591231368482,5.1650026478000655e-9,macaw,macaw,0.9990466339328837
parrot,ResNet50,layer2,None,Adam,12000,0.0001,cpu,mse,/mnt/ceph/users/wbroderick/plenoptic_experiments/deepnet_metamer/model-ResNet50-layer2_img-parrot_0_seed-0_iter-12000_loss-mse_opt-Adam_lr-1.0e-04_sch-None.svg,0,0.0005826704436913133,6.659250040286224e-9,macaw,macaw,0.9887954435569453
parrot,ResNet50,layer2,StepLR-3000,Adam,12000,0.0001,cpu,mse,/mnt/ceph/users/wbroderick/plenoptic_experiments/deepnet_metamer/model-ResNet50-layer2_img-parrot_0_seed-0_iter-12000_loss-mse_opt-Adam_lr-1.0e-04_sch-StepLR-3000.svg,0,0.0016300453571602702,4.0412020951841043e-11,macaw,macaw,0.9688249534155343
parrot,ResNet50,layer2,None,Adam,12000,0.003,cpu,mse,/mnt/ceph/users/wbroderick/plenoptic_experiments/deepnet_metamer/model-ResNet50-layer2_img-parrot_0_seed-0_iter-12000_loss-mse_opt-Adam_lr-3.0e-03_sch-None.svg,0,0.00003791862400248647,2.2828464807389537e-6,macaw,macaw,0.9992742174292294
parrot,ResNet50,layer2,StepLR-1000,Adam,12000,0.003,cpu,mse,/mnt/ceph/users/wbroderick/plenoptic_experiments/deepnet_metamer/model-ResNet50-layer2_img-parrot_0_seed-0_iter-12000_loss-mse_opt-Adam_lr-3.0e-03_sch-StepLR-1000.svg,0,0.00010825532808667049,1.8310192251291824e-9,macaw,macaw,0.9979137122871671
parrot,ResNet50,layer2,StepLR-3000,Adam,12000,0.003,cpu,mse,/mnt/ceph/users/wbroderick/plenoptic_experiments/deepnet_metamer/model-ResNet50-layer2_img-parrot_0_seed-0_iter-12000_loss-mse_opt-Adam_lr-3.0e-03_sch-StepLR-3000.svg,0,0.00002818953726091422,7.324207906833635e-9,macaw,macaw,0.9994570609585093
parrot,ResNet50,layer2,None,Adam,12000,0.0003,cpu,mse,/mnt/ceph/users/wbroderick/plenoptic_experiments/deepnet_metamer/model-ResNet50-layer2_img-parrot_0_seed-0_iter-12000_loss-mse_opt-Adam_lr-3.0e-04_sch-None.svg,0,0.00006753054185537621,1.236226854217648e-8,macaw,macaw,0.9986989150536667
parrot,ResNet50,layer2,StepLR-1000,Adam,12000,0.0003,cpu,mse,/mnt/ceph/users/wbroderick/plenoptic_experiments/deepnet_metamer/model-ResNet50-layer2_img-parrot_0_seed-0_iter-12000_loss-mse_opt-Adam_lr-3.0e-04_sch-StepLR-1000.svg,0,0.001912693027406931,3.251158717243463e-11,macaw,macaw,0.9634927782895674
parrot,ResNet50,layer2,StepLR-3000,Adam,12000,0.0003,cpu,mse,/mnt/ceph/users/wbroderick/plenoptic_experiments/deepnet_metamer/model-ResNet50-layer2_img-parrot_0_seed-0_iter-12000_loss-mse_opt-Adam_lr-3.0e-04_sch-StepLR-3000.svg,0,0.000451350468210876,5.4354649670074195e-9,macaw,macaw,0.9913190418244429
parrot,ResNet50,layer2,None,Adam,12000,0.01,cpu,mse,/mnt/ceph/users/wbroderick/plenoptic_experiments/deepnet_metamer/model-ResNet50-layer2_img-parrot_0_seed-1_iter-12000_loss-mse_opt-Adam_lr-1.0e-02_sch-None.svg,1,0.0002913855423685163,2.8314689188846387e-6,macaw,macaw,0.9943714405393825
parrot,ResNet50,layer2,StepLR-1000,Adam,12000,0.01,cpu,mse,/mnt/ceph/users/wbroderick/plenoptic_experiments/deepnet_metamer/model-ResNet50-layer2_img-parrot_0_seed-1_iter-12000_loss-mse_opt-Adam_lr-1.0e-02_sch-StepLR-1000.svg,1,0.000038303780456772074,2.985025560064969e-10,macaw,macaw,0.9992618836205748
parrot,ResNet50,layer2,StepLR-3000,Adam,12000,0.01,cpu,mse,/mnt/ceph/users/wbroderick/plenoptic_experiments/deepnet_metamer/model-ResNet50-layer2_img-parrot_0_seed-1_iter-12000_loss-mse_opt-Adam_lr-1.0e-02_sch-StepLR-3000.svg,1,0.00001963241447811015,1.1196565452564755e-8,macaw,macaw,0.9996215576997745
parrot,ResNet50,layer2,None,Adam,12000,0.001,cpu,mse,/mnt/ceph/users/wbroderick/plenoptic_experiments/deepnet_metamer/model-ResNet50-layer2_img-parrot_0_seed-1_iter-12000_loss-mse_opt-Adam_lr-1.0e-03_sch-None.svg,1,0.000029356053346418776,3.048292995799784e-8,macaw,macaw,0.9994346107405381
parrot,ResNet50,layer2,StepLR-1000,Adam,12000,0.001,cpu,mse,/mnt/ceph/users/wbroderick/plenoptic_experiments/deepnet_metamer/model-ResNet50-layer2_img-parrot_0_seed-1_iter-12000_loss-mse_opt-Adam_lr-1.0e-03_sch-StepLR-1000.svg,1,0.0005338758928701282,1.7998151857767652e-9,macaw,macaw,0.989744453972887
parrot,ResNet50,layer2,StepLR-3000,Adam,12000,0.001,cpu,mse,/mnt/ceph/users/wbroderick/plenoptic_experiments/deepnet_metamer/model-ResNet50-layer2_img-parrot_0_seed-1_iter-12000_loss-mse_opt-Adam_lr-1.0e-03_sch-StepLR-3000.svg,1,0.000049813294026535004,9.202713258105177e-9,macaw,macaw,0.999040224722523
parrot,ResNet50,layer2,None,Adam,12000,0.0001,cpu,mse,/mnt/ceph/users/wbroderick/plenoptic_experiments/deepnet_metamer/model-ResNet50-layer2_img-parrot_0_seed-1_iter-12000_loss-mse_opt-Adam_lr-1.0e-04_sch-None.svg,1,0.0005244895583018661,8.714383881169852e-9,macaw,macaw,0.9899199056998422
parrot,ResNet50,layer2,StepLR-3000,Adam,12000,0.0001,cpu,mse,/mnt/ceph/users/wbroderick/plenoptic_experiments/deepnet_metamer/model-ResNet50-layer2_img-parrot_0_seed-1_iter-12000_loss-mse_opt-Adam_lr-1.0e-04_sch-StepLR-3000.svg,1,0.0015542727196589112,1.6224274701492902e-10,macaw,macaw,0.9703175741109742
parrot,ResNet50,layer2,None,Adam,12000,0.003,cpu,mse,/mnt/ceph/users/wbroderick/plenoptic_experiments/deepnet_metamer/model-ResNet50-layer2_img-parrot_0_seed-1_iter-12000_loss-mse_opt-Adam_lr-3.0e-03_sch-None.svg,1,0.000040884537156671286,1.023913455355796e-6,macaw,macaw,0.9992142735115563
parrot,ResNet50,layer2,StepLR-1000,Adam,12000,0.003,cpu,mse,/mnt/ceph/users/wbroderick/plenoptic_experiments/deepnet_metamer/model-ResNet50-layer2_img-parrot_0_seed-1_iter-12000_loss-mse_opt-Adam_lr-3.0e-03_sch-StepLR-1000.svg,1,0.0000998656905721873,1.4306722473378386e-9,macaw,macaw,0.998074710286328
parrot,ResNet50,layer2,StepLR-3000,Adam,12000,0.003,cpu,mse,/mnt/ceph/users/wbroderick/plenoptic_experiments/deepnet_metamer/model-ResNet50-layer2_img-parrot_0_seed-1_iter-12000_loss-mse_opt-Adam_lr-3.0e-03_sch-StepLR-3000.svg,1,0.000026829766284208745,1.941687344242382e-8,macaw,macaw,0.9994832374061442
parrot,ResNet50,layer2,None,Adam,12000,0.0003,cpu,mse,/mnt/ceph/users/wbroderick/plenoptic_experiments/deepnet_metamer/model-ResNet50-layer2_img-parrot_0_seed-1_iter-12000_loss-mse_opt-Adam_lr-3.0e-04_sch-None.svg,1,0.000059213361964793876,1.9537997886232006e-8,macaw,macaw,0.9988590977702521
parrot,ResNet50,layer2,StepLR-1000,Adam,12000,0.0003,cpu,mse,/mnt/ceph/users/wbroderick/plenoptic_experiments/deepnet_metamer/model-ResNet50-layer2_img-parrot_0_seed-1_iter-12000_loss-mse_opt-Adam_lr-3.0e-04_sch-StepLR-1000.svg,1,0.001829913817346096,1.3674681179076664e-11,macaw,macaw,0.9651604129329134
parrot,ResNet50,layer2,StepLR-3000,Adam,12000,0.0003,cpu,mse,/mnt/ceph/users/wbroderick/plenoptic_experiments/deepnet_metamer/model-ResNet50-layer2_img-parrot_0_seed-1_iter-12000_loss-mse_opt-Adam_lr-3.0e-04_sch-StepLR-3000.svg,1,0.0003769188479054719,5.582681428251135e-9,macaw,macaw,0.9927550845401533
parrot,ResNet50,layer3,None,Adam,12000,0.01,cpu,l2_norm,/mnt/ceph/users/wbroderick/plenoptic_experiments/deepnet_metamer/model-ResNet50-layer3_img-parrot_0_seed-0_iter-12000_loss-l2_norm_opt-Adam_lr-1.0e-02_sch-None.svg,0,5.527774333953857,0.10264808684587479,macaw,macaw,0.9932442156251778
parrot,ResNet50,layer3,StepLR-1000,Adam,12000,0.01,cpu,l2_norm,/mnt/ceph/users/wbroderick/plenoptic_experiments/deepnet_metamer/model-ResNet50-layer3_img-parrot_0_seed-0_iter-12000_loss-l2_norm_opt-Adam_lr-1.0e-02_sch-StepLR-1000.svg,0,3.3718979358673096,0.016111424192786217,macaw,macaw,0.9974841443389818
parrot,ResNet50,layer3,StepLR-3000,Adam,12000,0.01,cpu,l2_norm,/mnt/ceph/users/wbroderick/plenoptic_experiments/deepnet_metamer/model-ResNet50-layer3_img-parrot_0_seed-0_iter-12000_loss-l2_norm_opt-Adam_lr-1.0e-02_sch-StepLR-3000.svg,0,2.2290306091308594,0.008931797929108143,macaw,macaw,0.9989017084441768
parrot,ResNet50,layer3,None,Adam,12000,0.001,cpu,l2_norm,/mnt/ceph/users/wbroderick/plenoptic_experiments/deepnet_metamer/model-ResNet50-layer3_img-parrot_0_seed-0_iter-12000_loss-l2_norm_opt-Adam_lr-1.0e-03_sch-None.svg,0,3.1137139797210693,0.011025493033230305,macaw,macaw,0.9978581255342572
parrot,ResNet50,layer3,StepLR-1000,Adam,12000,0.001,cpu,l2_norm,/mnt/ceph/users/wbroderick/plenoptic_experiments/deepnet_metamer/model-ResNet50-layer3_img-parrot_0_seed-0_iter-12000_loss-l2_norm_opt-Adam_lr-1.0e-03_sch-StepLR-1000.svg,0,6.371236324310303,0.00297083449549973,macaw,macaw,0.9909998549766367
parrot,ResNet50,layer3,StepLR-3000,Adam,12000,0.001,cpu,l2_norm,/mnt/ceph/users/wbroderick/plenoptic_experiments/deepnet_metamer/model-ResNet50-layer3_img-parrot_0_seed-0_iter-12000_loss-l2_norm_opt-Adam_lr-1.0e-03_sch-StepLR-3000.svg,0,3.7343828678131104,0.009471878409385681,macaw,macaw,0.9969152087606173
parrot,ResNet50,layer3,None,Adam,12000,0.0001,cpu,l2_norm,/mnt/ceph/users/wbroderick/plenoptic_experiments/deepnet_metamer/model-ResNet50-layer3_img-parrot_0_seed-0_iter-12000_loss-l2_norm_opt-Adam_lr-1.0e-04_sch-None.svg,0,6.736642837524414,0.0037615967448800802,macaw,macaw,0.9899356956885605
parrot,ResNet50,layer3,StepLR-1000,Adam,12000,0.0001,cpu,l2_norm,/mnt/ceph/users/wbroderick/plenoptic_experiments/deepnet_metamer/model-ResNet50-layer3_img-parrot_0_seed-0_iter-12000_loss-l2_norm_opt-Adam_lr-1.0e-04_sch-StepLR-1000.svg,0,17.647506713867188,0.0,macaw,macaw,0.9287039315338592
parrot,ResNet50,layer3,StepLR-3000,Adam,12000,0.0001,cpu,l2_norm,/mnt/ceph/users/wbroderick/plenoptic_experiments/deepnet_metamer/model-ResNet50-layer3_img-parrot_0_seed-0_iter-12000_loss-l2_norm_opt-Adam_lr-1.0e-04_sch-StepLR-3000.svg,0,10.034178733825684,0.0004865938099101186,macaw,macaw,0.9775423931590971
parrot,ResNet50,layer3,None,Adam,12000,0.003,cpu,l2_norm,/mnt/ceph/users/wbroderick/plenoptic_experiments/deepnet_metamer/model-ResNet50-layer3_img-parrot_0_seed-0_iter-12000_loss-l2_norm_opt-Adam_lr-3.0e-03_sch-None.svg,0,2.7253189086914062,0.013579991646111012,macaw,macaw,0.9983554143133349
parrot,ResNet50,layer3,StepLR-1000,Adam,12000,0.003,cpu,l2_norm,/mnt/ceph/users/wbroderick/plenoptic_experiments/deepnet_metamer/model-ResNet50-layer3_img-parrot_0_seed-0_iter-12000_loss-l2_norm_opt-Adam_lr-3.0e-03_sch-StepLR-1000.svg,0,4.462413311004639,0.006829580292105675,macaw,macaw,0.9955912209025665
parrot,ResNet50,layer3,StepLR-3000,Adam,12000,0.003,cpu,l2_norm,/mnt/ceph/users/wbroderick/plenoptic_experiments/deepnet_metamer/model-ResNet50-layer3_img-parrot_0_seed-0_iter-12000_loss-l2_norm_opt-Adam_lr-3.0e-03_sch-StepLR-3000.svg,0,2.7481818199157715,0.008644763380289078,macaw,macaw,0.998328628965909
parrot,ResNet50,layer3,None,Adam,12000,0.0003,cpu,l2_norm,/mnt/ceph/users/wbroderick/plenoptic_experiments/deepnet_metamer/model-ResNet50-layer3_img-parrot_0_seed-0_iter-12000_loss-l2_norm_opt-Adam_lr-3.0e-04_sch-None.svg,0,4.259871006011963,0.008211994543671608,macaw,macaw,0.995984218675275
parrot,ResNet50,layer3,StepLR-1000,Adam,12000,0.0003,cpu,l2_norm,/mnt/ceph/users/wbroderick/plenoptic_experiments/deepnet_metamer/model-ResNet50-layer3_img-parrot_0_seed-0_iter-12000_loss-l2_norm_opt-Adam_lr-3.0e-04_sch-StepLR-1000.svg,0,10.704604148864746,0.0,macaw,macaw,0.9743868218734925
parrot,ResNet50,layer3,StepLR-3000,Adam,12000,0.0003,cpu,l2_norm,/mnt/ceph/users/wbroderick/plenoptic_experiments/deepnet_metamer/model-ResNet50-layer3_img-parrot_0_seed-0_iter-12000_loss-l2_norm_opt-Adam_lr-3.0e-04_sch-StepLR-3000.svg,0,5.779733180999756,0.004270895849913359,macaw,macaw,0.9925975941492238
parrot,ResNet50,layer3,None,Adam,12000,0.01,cpu,mse,/mnt/ceph/users/wbroderick/plenoptic_experiments/deepnet_metamer/model-ResNet50-layer3_img-parrot_0_seed-0_iter-12000_loss-mse_opt-Adam_lr-1.0e-02_sch-None.svg,0,0.0001399882312398404,2.8746508178301156e-6,macaw,macaw,0.9937794011154256
parrot,ResNet50,layer3,StepLR-1000,Adam,12000,0.01,cpu,mse,/mnt/ceph/users/wbroderick/plenoptic_experiments/deepnet_metamer/model-ResNet50-layer3_img-parrot_0_seed-0_iter-12000_loss-mse_opt-Adam_lr-1.0e-02_sch-StepLR-1000.svg,0,0.00007181693217717111,7.466489926333253e-11,macaw,macaw,0.9968072750255824
parrot,ResNet50,layer3,StepLR-3000,Adam,12000,0.01,cpu,mse,/mnt/ceph/users/wbroderick/plenoptic_experiments/deepnet_metamer/model-ResNet50-layer3_img-parrot_0_seed-0_iter-12000_loss-mse_opt-Adam_lr-1.0e-02_sch-StepLR-3000.svg,0,0.00002393741306150332,0.0,macaw,macaw,0.9989360367862675
parrot,ResNet50,layer3,None,Adam,12000,0.001,cpu,mse,/mnt/ceph/users/wbroderick/plenoptic_experiments/deepnet_metamer/model-ResNet50-layer3_img-parrot_0_seed-0_iter-12000_loss-mse_opt-Adam_lr-1.0e-03_sch-None.svg,0,0.00006119477620813996,2.2082925710265044e-8,macaw,macaw,0.9972835692638485
parrot,ResNet50,layer3,StepLR-1000,Adam,12000,0.001,cpu,mse,/mnt/ceph/users/wbroderick/plenoptic_experiments/deepnet_metamer/model-ResNet50-layer3_img-parrot_0_seed-0_iter-12000_loss-mse_opt-Adam_lr-1.0e-03_sch-StepLR-1000.svg,0,0.0003340614784974605,1.4118231757287436e-11,macaw,macaw,0.9850870282071034
parrot,ResNet50,layer3,StepLR-3000,Adam,12000,0.001,cpu,mse,/mnt/ceph/users/wbroderick/plenoptic_experiments/deepnet_metamer/model-ResNet50-layer3_img-parrot_0_seed-0_iter-12000_loss-mse_opt-Adam_lr-1.0e-03_sch-StepLR-3000.svg,0,0.00008881237590685487,1.3292440481649237e-9,macaw,macaw,0.9960540300355686
parrot,ResNet50,layer3,None,Adam,12000,0.0001,cpu,mse,/mnt/ceph/users/wbroderick/plenoptic_experiments/deepnet_metamer/model-ResNet50-layer3_img-parrot_0_seed-0_iter-12000_loss-mse_opt-Adam_lr-1.0e-04_sch-None.svg,0,0.0002688643871806562,4.858689839348784e-11,macaw,macaw,0.9880218702225204
parrot,ResNet50,layer3,StepLR-1000,Adam,12000,0.0001,cpu,mse,/mnt/ceph/users/wbroderick/plenoptic_experiments/deepnet_metamer/model-ResNet50-layer3_img-parrot_0_seed-0_iter-12000_loss-mse_opt-Adam_lr-1.0e-04_sch-StepLR-1000.svg,0,0.002057461766526103,0.0,macaw,macaw,0.9042973109556235
parrot,ResNet50,layer3,StepLR-3000,Adam,12000,0.0001,cpu,mse,/mnt/ceph/users/wbroderick/plenoptic_experiments/deepnet_metamer/model-ResNet50-layer3_img-parrot_0_seed-0_iter-12000_loss-mse_opt-Adam_lr-1.0e-04_sch-StepLR-3000.svg,0,0.0006599065964110196,0.0,macaw,macaw,0.9703536787649006
parrot,ResNet50,layer3,None,Adam,12000,0.003,cpu,mse,/mnt/ceph/users/wbroderick/plenoptic_experiments/deepnet_metamer/model-ResNet50-layer3_img-parrot_0_seed-0_iter-12000_loss-mse_opt-Adam_lr-3.0e-03_sch-None.svg,0,0.0000456788984593004,1.6876420261269232e-9,macaw,macaw,0.997967608369095
parrot,ResNet50,layer3,StepLR-1000,Adam,12000,0.003,cpu,mse,/mnt/ceph/users/wbroderick/plenoptic_experiments/deepnet_metamer/model-ResNet50-layer3_img-parrot_0_seed-0_iter-12000_loss-mse_opt-Adam_lr-3.0e-03_sch-StepLR-1000.svg,0,0.00014180461585056037,7.76167602412059e-11,macaw,macaw,0.993694453426931
parrot,ResNet50,layer3,StepLR-3000,Adam,12000,0.003,cpu,mse,/mnt/ceph/users/wbroderick/plenoptic_experiments/deepnet_metamer/model-ResNet50-layer3_img-parrot_0_seed-0_iter-12000_loss-mse_opt-Adam_lr-3.0e-03_sch-StepLR-3000.svg,0,0.00005139609129400924,1.5328845970330462e-9,macaw,macaw,0.9977173513617145
parrot,ResNet50,layer3,None,Adam,12000,0.0003,cpu,mse,/mnt/ceph/users/wbroderick/plenoptic_experiments/deepnet_metamer/model-ResNet50-layer3_img-parrot_0_seed-0_iter-12000_loss-mse_opt-Adam_lr-3.0e-04_sch-None.svg,0,0.00013445586955640465,1.15544018797209e-9,macaw,macaw,0.9940203363016378
parrot,ResNet50,layer3,StepLR-1000,Adam,12000,0.0003,cpu,mse,/mnt/ceph/users/wbroderick/plenoptic_experiments/deepnet_metamer/model-ResNet50-layer3_img-parrot_0_seed-0_iter-12000_loss-mse_opt-Adam_lr-3.0e-04_sch-StepLR-1000.svg,0,0.0008353127632290125,0.0,macaw,macaw,0.9623143020921635
parrot,ResNet50,layer3,StepLR-3000,Adam,12000,0.0003,cpu,mse,/mnt/ceph/users/wbroderick/plenoptic_experiments/deepnet_metamer/model-ResNet50-layer3_img-parrot_0_seed-0_iter-12000_loss-mse_opt-Adam_lr-3.0e-04_sch-StepLR-3000.svg,0,0.0002638166188262403,6.894884663211087e-11,macaw,macaw,0.9882438328443569
parrot,ResNet50,layer3,None,Adam,12000,0.01,cpu,l2_norm,/mnt/ceph/users/wbroderick/plenoptic_experiments/deepnet_metamer/model-ResNet50-layer3_img-parrot_0_seed-1_iter-12000_loss-l2_norm_opt-Adam_lr-1.0e-02_sch-None.svg,1,5.797983646392822,0.15765102207660675,macaw,macaw,0.9925758034180467
parrot,ResNet50,layer3,StepLR-1000,Adam,12000,0.01,cpu,l2_norm,/mnt/ceph/users/wbroderick/plenoptic_experiments/deepnet_metamer/model-ResNet50-layer3_img-parrot_0_seed-1_iter-12000_loss-l2_norm_opt-Adam_lr-1.0e-02_sch-StepLR-1000.svg,1,3.1239571571350098,0.015085076913237572,macaw,macaw,0.997840381892288
parrot,ResNet50,layer3,StepLR-3000,Adam,12000,0.01,cpu,l2_norm,/mnt/ceph/users/wbroderick/plenoptic_experiments/deepnet_metamer/model-ResNet50-layer3_img-parrot_0_seed-1_iter-12000_loss-l2_norm_opt-Adam_lr-1.0e-02_sch-StepLR-3000.svg,1,2.0694739818573,0.0126959178596735,macaw,macaw,0.9990521130830302
parrot,ResNet50,layer3,None,Adam,12000,0.001,cpu,l2_norm,/mnt/ceph/users/wbroderick/plenoptic_experiments/deepnet_metamer/model-ResNet50-layer3_img-parrot_0_seed-1_iter-12000_loss-l2_norm_opt-Adam_lr-1.0e-03_sch-None.svg,1,3.417238473892212,0.01021421980112791,macaw,macaw,0.9974117624808987
parrot,ResNet50,layer3,StepLR-1000,Adam,12000,0.001,cpu,l2_norm,/mnt/ceph/users/wbroderick/plenoptic_experiments/deepnet_metamer/model-ResNet50-layer3_img-parrot_0_seed-1_iter-12000_loss-l2_norm_opt-Adam_lr-1.0e-03_sch-StepLR-1000.svg,1,7.297602653503418,0.004002838861197233,macaw,macaw,0.9881680264199125
parrot,ResNet50,layer3,StepLR-3000,Adam,12000,0.001,cpu,l2_norm,/mnt/ceph/users/wbroderick/plenoptic_experiments/deepnet_metamer/model-ResNet50-layer3_img-parrot_0_seed-1_iter-12000_loss-l2_norm_opt-Adam_lr-1.0e-03_sch-StepLR-3000.svg,1,4.396530628204346,0.0068734679371118546,macaw,macaw,0.9957198868369612
parrot,ResNet50,layer3,None,Adam,12000,0.0001,cpu,l2_norm,/mnt/ceph/users/wbroderick/plenoptic_experiments/deepnet_metamer/model-ResNet50-layer3_img-parrot_0_seed-1_iter-12000_loss-l2_norm_opt-Adam_lr-1.0e-04_sch-None.svg,1,7.154666900634766,0.00208039628341794,macaw,macaw,0.9886292031112381
parrot,ResNet50,layer3,StepLR-1000,Adam,12000,0.0001,cpu,l2_norm,/mnt/ceph/users/wbroderick/plenoptic_experiments/deepnet_metamer/model-ResNet50-layer3_img-parrot_0_seed-1_iter-12000_loss-l2_norm_opt-Adam_lr-1.0e-04_sch-StepLR-1000.svg,1,18.19498634338379,0.0,macaw,macaw,0.9240247324649672
parrot,ResNet50,layer3,StepLR-3000,Adam,12000,0.0001,cpu,l2_norm,/mnt/ceph/users/wbroderick/plenoptic_experiments/deepnet_metamer/model-ResNet50-layer3_img-parrot_0_seed-1_iter-12000_loss-l2_norm_opt-Adam_lr-1.0e-04_sch-StepLR-3000.svg,1,10.64225959777832,4.650531991501339e-6,macaw,macaw,0.9746753678540022
parrot,ResNet50,layer3,None,Adam,12000,0.003,cpu,l2_norm,/mnt/ceph/users/wbroderick/plenoptic_experiments/deepnet_metamer/model-ResNet50-layer3_img-parrot_0_seed-1_iter-12000_loss-l2_norm_opt-Adam_lr-3.0e-03_sch-None.svg,1,3.002506971359253,0.022619955241680145,macaw,macaw,0.9980088996718957
parrot,ResNet50,layer3,StepLR-1000,Adam,12000,0.003,cpu,l2_norm,/mnt/ceph/users/wbroderick/plenoptic_experiments/deepnet_metamer/model-ResNet50-layer3_img-parrot_0_seed-1_iter-12000_loss-l2_norm_opt-Adam_lr-3.0e-03_sch-StepLR-1000.svg,1,5.516525745391846,0.004286580719053745,macaw,macaw,0.9932456671507934
parrot,ResNet50,layer3,StepLR-3000,Adam,12000,0.003,cpu,l2_norm,/mnt/ceph/users/wbroderick/plenoptic_experiments/deepnet_metamer/model-ResNet50-layer3_img-parrot_0_seed-1_iter-12000_loss-l2_norm_opt-Adam_lr-3.0e-03_sch-StepLR-3000.svg,1,3.170332670211792,0.012736131437122822,macaw,macaw,0.9977764843541022
parrot,ResNet50,layer3,None,Adam,12000,0.0003,cpu,l2_norm,/mnt/ceph/users/wbroderick/plenoptic_experiments/deepnet_metamer/model-ResNet50-layer3_img-parrot_0_seed-1_iter-12000_loss-l2_norm_opt-Adam_lr-3.0e-04_sch-None.svg,1,4.612911224365234,0.004226441495120525,macaw,macaw,0.9952855223074908
parrot,ResNet50,layer3,StepLR-1000,Adam,12000,0.0003,cpu,l2_norm,/mnt/ceph/users/wbroderick/plenoptic_experiments/deepnet_metamer/model-ResNet50-layer3_img-parrot_0_seed-1_iter-12000_loss-l2_norm_opt-Adam_lr-3.0e-04_sch-StepLR-1000.svg,1,11.033462524414062,0.0,macaw,macaw,0.9727560785040981
parrot,ResNet50,layer3,StepLR-3000,Adam,12000,0.0003,cpu,l2_norm,/mnt/ceph/users/wbroderick/plenoptic_experiments/deepnet_metamer/model-ResNet50-layer3_img-parrot_0_seed-1_iter-12000_loss-l2_norm_opt-Adam_lr-3.0e-04_sch-StepLR-3000.svg,1,6.178853511810303,0.0026933238841593266,macaw,macaw,0.9915271895341238
parrot,ResNet50,layer3,None,Adam,12000,0.01,cpu,mse,/mnt/ceph/users/wbroderick/plenoptic_experiments/deepnet_metamer/model-ResNet50-layer3_img-parrot_0_seed-1_iter-12000_loss-mse_opt-Adam_lr-1.0e-02_sch-None.svg,1,0.00011974312656093389,1.918661155286827e-6,macaw,macaw,0.9946745939891266
parrot,ResNet50,layer3,StepLR-1000,Adam,12000,0.01,cpu,mse,/mnt/ceph/users/wbroderick/plenoptic_experiments/deepnet_metamer/model-ResNet50-layer3_img-parrot_0_seed-1_iter-12000_loss-mse_opt-Adam_lr-1.0e-02_sch-StepLR-1000.svg,1,0.00007662310963496566,6.084002746042927e-11,macaw,macaw,0.9965929386846262
parrot,ResNet50,layer3,StepLR-3000,Adam,12000,0.01,cpu,mse,/mnt/ceph/users/wbroderick/plenoptic_experiments/deepnet_metamer/model-ResNet50-layer3_img-parrot_0_seed-1_iter-12000_loss-mse_opt-Adam_lr-1.0e-02_sch-StepLR-3000.svg,1,0.000025157163690892048,3.3319011549792776e-8,macaw,macaw,0.9988822001024323
parrot,ResNet50,layer3,None,Adam,12000,0.001,cpu,mse,/mnt/ceph/users/wbroderick/plenoptic_experiments/deepnet_metamer/model-ResNet50-layer3_img-parrot_0_seed-1_iter-12000_loss-mse_opt-Adam_lr-1.0e-03_sch-None.svg,1,0.000054543776059290394,5.643189027182416e-9,macaw,macaw,0.997574218936049
parrot,ResNet50,layer3,StepLR-1000,Adam,12000,0.001,cpu,mse,/mnt/ceph/users/wbroderick/plenoptic_experiments/deepnet_metamer/model-ResNet50-layer3_img-parrot_0_seed-1_iter-12000_loss-mse_opt-Adam_lr-1.0e-03_sch-StepLR-1000.svg,1,0.00035571723128668964,2.050060642078133e-11,macaw,macaw,0.9841129325436383
parrot,ResNet50,layer3,StepLR-3000,Adam,12000,0.001,cpu,mse,/mnt/ceph/users/wbroderick/plenoptic_experiments/deepnet_metamer/model-ResNet50-layer3_img-parrot_0_seed-1_iter-12000_loss-mse_opt-Adam_lr-1.0e-03_sch-StepLR-3000.svg,1,0.00009643249359214678,7.403931356897431e-10,macaw,macaw,0.9957116453428139
parrot,ResNet50,layer3,None,Adam,12000,0.0001,cpu,mse,/mnt/ceph/users/wbroderick/plenoptic_experiments/deepnet_metamer/model-ResNet50-layer3_img-parrot_0_seed-1_iter-12000_loss-mse_opt-Adam_lr-1.0e-04_sch-None.svg,1,0.0003005418402608484,3.9031675114209463e-10,macaw,macaw,0.9865881982658473
parrot,ResNet50,layer3,StepLR-3000,Adam,12000,0.0001,cpu,mse,/mnt/ceph/users/wbroderick/plenoptic_experiments/deepnet_metamer/model-ResNet50-layer3_img-parrot_0_seed-1_iter-12000_loss-mse_opt-Adam_lr-1.0e-04_sch-StepLR-3000.svg,1,0.0006841183640062809,0.0,macaw,macaw,0.9692168476338262
parrot,ResNet50,layer3,None,Adam,12000,0.003,cpu,mse,/mnt/ceph/users/wbroderick/plenoptic_experiments/deepnet_metamer/model-ResNet50-layer3_img-parrot_0_seed-1_iter-12000_loss-mse_opt-Adam_lr-3.0e-03_sch-None.svg,1,0.000036513029044726864,0.0,macaw,macaw,0.9983765706304745
parrot,ResNet50,layer3,StepLR-1000,Adam,12000,0.003,cpu,mse,/mnt/ceph/users/wbroderick/plenoptic_experiments/deepnet_metamer/model-ResNet50-layer3_img-parrot_0_seed-1_iter-12000_loss-mse_opt-Adam_lr-3.0e-03_sch-StepLR-1000.svg,1,0.00016988030984066427,2.8668817320109952e-11,macaw,macaw,0.9924336509482387
parrot,ResNet50,layer3,StepLR-3000,Adam,12000,0.003,cpu,mse,/mnt/ceph/users/wbroderick/plenoptic_experiments/deepnet_metamer/model-ResNet50-layer3_img-parrot_0_seed-1_iter-12000_loss-mse_opt-Adam_lr-3.0e-03_sch-StepLR-3000.svg,1,0.00005270210749586113,1.3904422058175214e-9,macaw,macaw,0.9976591749191865
parrot,ResNet50,layer3,None,Adam,12000,0.0003,cpu,mse,/mnt/ceph/users/wbroderick/plenoptic_experiments/deepnet_metamer/model-ResNet50-layer3_img-parrot_0_seed-1_iter-12000_loss-mse_opt-Adam_lr-3.0e-04_sch-None.svg,1,0.0001518298959126696,1.9852255395136353e-9,macaw,macaw,0.9932407837292969
parrot,ResNet50,layer3,StepLR-1000,Adam,12000,0.0003,cpu,mse,/mnt/ceph/users/wbroderick/plenoptic_experiments/deepnet_metamer/model-ResNet50-layer3_img-parrot_0_seed-1_iter-12000_loss-mse_opt-Adam_lr-3.0e-04_sch-StepLR-1000.svg,1,0.0009251910378225148,0.0,macaw,macaw,0.9581385382900113
parrot,ResNet50,layer3,StepLR-3000,Adam,12000,0.0003,cpu,mse,/mnt/ceph/users/wbroderick/plenoptic_experiments/deepnet_metamer/model-ResNet50-layer3_img-parrot_0_seed-1_iter-12000_loss-mse_opt-Adam_lr-3.0e-04_sch-StepLR-3000.svg,1,0.00028810056392103434,3.406160423158333e-11,macaw,macaw,0.9871446111176281
parrot,ResNet50,layer4,None,Adam,12000,0.01,cpu,mse,/mnt/ceph/users/wbroderick/plenoptic_experiments/deepnet_metamer/model-ResNet50-layer4_img-parrot_0_seed-0_iter-12000_loss-mse_opt-Adam_lr-1.0e-02_sch-None.svg,0,0.013828491792082787,7.816414040462405e-7,macaw,macaw,0.9905759362932367
parrot,ResNet50,layer4,StepLR-1000,Adam,12000,0.01,cpu,mse,/mnt/ceph/users/wbroderick/plenoptic_experiments/deepnet_metamer/model-ResNet50-layer4_img-parrot_0_seed-0_iter-12000_loss-mse_opt-Adam_lr-1.0e-02_sch-StepLR-1000.svg,0,0.028575733304023743,1.4747022492045403e-9,macaw,macaw,0.9804807072582054
parrot,ResNet50,layer4,StepLR-3000,Adam,12000,0.01,cpu,mse,/mnt/ceph/users/wbroderick/plenoptic_experiments/deepnet_metamer/model-ResNet50-layer4_img-parrot_0_seed-0_iter-12000_loss-mse_opt-Adam_lr-1.0e-02_sch-StepLR-3000.svg,0,0.01759909652173519,1.2865378096194036e-7,macaw,macaw,0.9880072462779704
parrot,ResNet50,layer4,None,Adam,12000,0.001,cpu,mse,/mnt/ceph/users/wbroderick/plenoptic_experiments/deepnet_metamer/model-ResNet50-layer4_img-parrot_0_seed-0_iter-12000_loss-mse_opt-Adam_lr-1.0e-03_sch-None.svg,0,0.035538449883461,0.0,macaw,macaw,0.9756935863527944
parrot,ResNet50,layer4,StepLR-1000,Adam,12000,0.001,cpu,mse,/mnt/ceph/users/wbroderick/plenoptic_experiments/deepnet_metamer/model-ResNet50-layer4_img-parrot_0_seed-0_iter-12000_loss-mse_opt-Adam_lr-1.0e-03_sch-StepLR-1000.svg,0,0.05889935418963432,0.0,macaw,macaw,0.9596439497259786
parrot,ResNet50,layer4,StepLR-3000,Adam,12000,0.001,cpu,mse,/mnt/ceph/users/wbroderick/plenoptic_experiments/deepnet_metamer/model-ResNet50-layer4_img-parrot_0_seed-0_iter-12000_loss-mse_opt-Adam_lr-1.0e-03_sch-StepLR-3000.svg,0,0.0424940399825573,0.0,macaw,macaw,0.9709628029345752
parrot,ResNet50,layer4,None,Adam,12000,0.0001,cpu,mse,/mnt/ceph/users/wbroderick/plenoptic_experiments/deepnet_metamer/model-ResNet50-layer4_img-parrot_0_seed-0_iter-12000_loss-mse_opt-Adam_lr-1.0e-04_sch-None.svg,0,0.07060498744249344,0.0,macaw,macaw,0.951558056579255
parrot,ResNet50,layer4,StepLR-1000,Adam,12000,0.0001,cpu,mse,/mnt/ceph/users/wbroderick/plenoptic_experiments/deepnet_metamer/model-ResNet50-layer4_img-parrot_0_seed-0_iter-12000_loss-mse_opt-Adam_lr-1.0e-04_sch-StepLR-1000.svg,0,0.1280527114868164,0.0,macaw,macaw,0.9113954488065988
parrot,ResNet50,layer4,StepLR-3000,Adam,12000,0.0001,cpu,mse,/mnt/ceph/users/wbroderick/plenoptic_experiments/deepnet_metamer/model-ResNet50-layer4_img-parrot_0_seed-0_iter-12000_loss-mse_opt-Adam_lr-1.0e-04_sch-StepLR-3000.svg,0,0.08864117413759232,0.0,macaw,macaw,0.9389655922888759
parrot,ResNet50,layer4,None,Adam,12000,0.003,cpu,mse,/mnt/ceph/users/wbroderick/plenoptic_experiments/deepnet_metamer/model-ResNet50-layer4_img-parrot_0_seed-0_iter-12000_loss-mse_opt-Adam_lr-3.0e-03_sch-None.svg,0,0.02795051969587803,9.212090844812337e-6,macaw,macaw,0.9809583176715343
parrot,ResNet50,layer4,StepLR-1000,Adam,12000,0.003,cpu,mse,/mnt/ceph/users/wbroderick/plenoptic_experiments/deepnet_metamer/model-ResNet50-layer4_img-parrot_0_seed-0_iter-12000_loss-mse_opt-Adam_lr-3.0e-03_sch-StepLR-1000.svg,0,0.040651585906744,0.0,macaw,macaw,0.9722116674843717
parrot,ResNet50,layer4,StepLR-3000,Adam,12000,0.003,cpu,mse,/mnt/ceph/users/wbroderick/plenoptic_experiments/deepnet_metamer/model-ResNet50-layer4_img-parrot_0_seed-0_iter-12000_loss-mse_opt-Adam_lr-3.0e-03_sch-StepLR-3000.svg,0,0.026100371032953262,1.2838685670146788e-8,macaw,macaw,0.98219317044464
parrot,ResNet50,layer4,None,Adam,12000,0.0003,cpu,mse,/mnt/ceph/users/wbroderick/plenoptic_experiments/deepnet_metamer/model-ResNet50-layer4_img-parrot_0_seed-0_iter-12000_loss-mse_opt-Adam_lr-3.0e-04_sch-None.svg,0,0.05326849967241287,0.0,macaw,macaw,0.9635235969464733
parrot,ResNet50,layer4,StepLR-1000,Adam,12000,0.0003,cpu,mse,/mnt/ceph/users/wbroderick/plenoptic_experiments/deepnet_metamer/model-ResNet50-layer4_img-parrot_0_seed-0_iter-12000_loss-mse_opt-Adam_lr-3.0e-04_sch-StepLR-1000.svg,0,0.09694624692201614,0.0,macaw,macaw,0.9331408027369452
parrot,ResNet50,layer4,StepLR-3000,Adam,12000,0.0003,cpu,mse,/mnt/ceph/users/wbroderick/plenoptic_experiments/deepnet_metamer/model-ResNet50-layer4_img-parrot_0_seed-0_iter-12000_loss-mse_opt-Adam_lr-3.0e-04_sch-StepLR-3000.svg,0,0.06560690701007843,0.0,macaw,macaw,0.9550042559747064
parrot,ResNet50,layer4,None,Adam,12000,0.01,cpu,mse,/mnt/ceph/users/wbroderick/plenoptic_experiments/deepnet_metamer/model-ResNet50-layer4_img-parrot_0_seed-1_iter-12000_loss-mse_opt-Adam_lr-1.0e-02_sch-None.svg,1,0.012296486645936966,2.871697233786108e-6,macaw,macaw,0.9917207107057013
parrot,ResNet50,layer4,StepLR-1000,Adam,12000,0.01,cpu,mse,/mnt/ceph/users/wbroderick/plenoptic_experiments/deepnet_metamer/model-ResNet50-layer4_img-parrot_0_seed-1_iter-12000_loss-mse_opt-Adam_lr-1.0e-02_sch-StepLR-1000.svg,1,0.02943686582148075,1.9581858357042847e-9,macaw,macaw,0.979909884180114
parrot,ResNet50,layer4,StepLR-3000,Adam,12000,0.01,cpu,mse,/mnt/ceph/users/wbroderick/plenoptic_experiments/deepnet_metamer/model-ResNet50-layer4_img-parrot_0_seed-1_iter-12000_loss-mse_opt-Adam_lr-1.0e-02_sch-StepLR-3000.svg,1,0.018429594114422798,8.750595981155129e-8,macaw,macaw,0.9874396807611681
parrot,ResNet50,layer4,None,Adam,12000,0.001,cpu,mse,/mnt/ceph/users/wbroderick/plenoptic_experiments/deepnet_metamer/model-ResNet50-layer4_img-parrot_0_seed-1_iter-12000_loss-mse_opt-Adam_lr-1.0e-03_sch-None.svg,1,0.038721080869436264,0.0,macaw,macaw,0.9735356577098496
parrot,ResNet50,layer4,StepLR-1000,Adam,12000,0.001,cpu,mse,/mnt/ceph/users/wbroderick/plenoptic_experiments/deepnet_metamer/model-ResNet50-layer4_img-parrot_0_seed-1_iter-12000_loss-mse_opt-Adam_lr-1.0e-03_sch-StepLR-1000.svg,1,0.06828103214502335,0.0,macaw,macaw,0.9531237031782079
parrot,ResNet50,layer4,StepLR-3000,Adam,12000,0.001,cpu,mse,/mnt/ceph/users/wbroderick/plenoptic_experiments/deepnet_metamer/model-ResNet50-layer4_img-parrot_0_seed-1_iter-12000_loss-mse_opt-Adam_lr-1.0e-03_sch-StepLR-3000.svg,1,0.0481327585875988,0.0,macaw,macaw,0.9670680082792282
parrot,ResNet50,layer4,None,Adam,12000,0.0001,cpu,mse,/mnt/ceph/users/wbroderick/plenoptic_experiments/deepnet_metamer/model-ResNet50-layer4_img-parrot_0_seed-1_iter-12000_loss-mse_opt-Adam_lr-1.0e-04_sch-None.svg,1,0.08333390206098557,0.0,macaw,macaw,0.9426784868110487
parrot,ResNet50,layer4,StepLR-1000,Adam,12000,0.0001,cpu,mse,/mnt/ceph/users/wbroderick/plenoptic_experiments/deepnet_metamer/model-ResNet50-layer4_img-parrot_0_seed-1_iter-12000_loss-mse_opt-Adam_lr-1.0e-04_sch-StepLR-1000.svg,1,0.15229517221450806,0.0,macaw,macaw,0.8940313320662115
parrot,ResNet50,layer4,StepLR-3000,Adam,12000,0.0001,cpu,mse,/mnt/ceph/users/wbroderick/plenoptic_experiments/deepnet_metamer/model-ResNet50-layer4_img-parrot_0_seed-1_iter-12000_loss-mse_opt-Adam_lr-1.0e-04_sch-StepLR-3000.svg,1,0.10133576393127441,0.0,macaw,macaw,0.9300739335227713
parrot,ResNet50,layer4,None,Adam,12000,0.003,cpu,mse,/mnt/ceph/users/wbroderick/plenoptic_experiments/deepnet_metamer/model-ResNet50-layer4_img-parrot_0_seed-1_iter-12000_loss-mse_opt-Adam_lr-3.0e-03_sch-None.svg,1,0.018627863377332687,7.36435712411776e-9,macaw,macaw,0.9873175367200566
parrot,ResNet50,layer4,StepLR-1000,Adam,12000,0.003,cpu,mse,/mnt/ceph/users/wbroderick/plenoptic_experiments/deepnet_metamer/model-ResNet50-layer4_img-parrot_0_seed-1_iter-12000_loss-mse_opt-Adam_lr-3.0e-03_sch-StepLR-1000.svg,1,0.03964211791753769,0.0,macaw,macaw,0.9729088741635554
parrot,ResNet50,layer4,StepLR-3000,Adam,12000,0.003,cpu,mse,/mnt/ceph/users/wbroderick/plenoptic_experiments/deepnet_metamer/model-ResNet50-layer4_img-parrot_0_seed-1_iter-12000_loss-mse_opt-Adam_lr-3.0e-03_sch-StepLR-3000.svg,1,0.022813748568296432,0.0,macaw,macaw,0.9844346443269969
parrot,ResNet50,layer4,None,Adam,12000,0.0003,cpu,mse,/mnt/ceph/users/wbroderick/plenoptic_experiments/deepnet_metamer/model-ResNet50-layer4_img-parrot_0_seed-1_iter-12000_loss-mse_opt-Adam_lr-3.0e-04_sch-None.svg,1,0.06266572326421738,0.0,macaw,macaw,0.9570458959790912
parrot,ResNet50,layer4,StepLR-1000,Adam,12000,0.0003,cpu,mse,/mnt/ceph/users/wbroderick/plenoptic_experiments/deepnet_metamer/model-ResNet50-layer4_img-parrot_0_seed-1_iter-12000_loss-mse_opt-Adam_lr-3.0e-04_sch-StepLR-1000.svg,1,0.10642104595899582,0.0,macaw,macaw,0.9266270100347788
parrot,ResNet50,layer4,StepLR-3000,Adam,12000,0.0003,cpu,mse,/mnt/ceph/users/wbroderick/plenoptic_experiments/deepnet_metamer/model-ResNet50-layer4_img-parrot_0_seed-1_iter-12000_loss-mse_opt-Adam_lr-3.0e-04_sch-StepLR-3000.svg,1,0.0742180347442627,0.0,macaw,macaw,0.9490564666513601
